path1_bw,path1_loss,path1_delay,path2_bw,path2_loss,path2_delay,scheduler_name,no_of_itr,file_size,time,p1_data,p2_data
FSCHeRa,0.7,FSCHeRa,FSCHeRa,0.7,FSCHeRa,dear,50,64MB,50.5594,54448,12320
FSCHeRa,0.7,FSCHeRa,FSCHeRa,0.7,FSCHeRa,dear,50,64MB,43.1892,48344,18432
FSCHeRa,0.7,FSCHeRa,FSCHeRa,0.7,FSCHeRa,dear,50,64MB,44.3779,54548,12244
FSCHeRa,0.7,FSCHeRa,FSCHeRa,0.7,FSCHeRa,dear,50,64MB,40.9249,52288,14492
FSCHeRa,0.7,FSCHeRa,FSCHeRa,0.7,FSCHeRa,dear,50,64MB,46.7526,49488,17292
FSCHeRa,0.7,FSCHeRa,FSCHeRa,0.7,FSCHeRa,dear,50,64MB,42.9995,53024,13752
FSCHeRa,0.7,FSCHeRa,FSCHeRa,0.7,FSCHeRa,dear,50,64MB,48.9635,54732,12044
FSCHeRa,0.7,FSCHeRa,FSCHeRa,0.7,FSCHeRa,dear,50,64MB,50.361,53744,13024
FSCHeRa,0.7,FSCHeRa,FSCHeRa,0.7,FSCHeRa,dear,50,64MB,42.9842,52364,14412
FSCHeRa,0.7,FSCHeRa,FSCHeRa,0.7,FSCHeRa,dear,50,64MB,49.942,54180,12592
FSCHeRa,0.7,FSCHeRa,FSCHeRa,0.7,FSCHeRa,dear,50,64MB,41.489,50672,16088
FSCHeRa,0.7,FSCHeRa,FSCHeRa,0.7,FSCHeRa,dear,50,64MB,44.2731,52480,14288
FSCHeRa,0.7,FSCHeRa,FSCHeRa,0.7,FSCHeRa,dear,50,64MB,48.1426,51580,15188
FSCHeRa,0.7,FSCHeRa,FSCHeRa,0.7,FSCHeRa,dear,50,64MB,44.8724,52504,14264
FSCHeRa,0.7,FSCHeRa,FSCHeRa,0.7,FSCHeRa,dear,50,64MB,43.3234,49604,17168
FSCHeRa,0.7,FSCHeRa,FSCHeRa,0.7,FSCHeRa,dear,50,64MB,48.3744,52772,14004
FSCHeRa,0.7,FSCHeRa,FSCHeRa,0.7,FSCHeRa,dear,50,64MB,49.0802,53296,13476
FSCHeRa,0.7,FSCHeRa,FSCHeRa,0.7,FSCHeRa,dear,50,64MB,50.1224,51608,15172
FSCHeRa,0.7,FSCHeRa,FSCHeRa,0.7,FSCHeRa,dear,50,64MB,47.1156,52504,14264
FSCHeRa,0.7,FSCHeRa,FSCHeRa,0.7,FSCHeRa,dear,50,64MB,47.666,54528,12248
FSCHeRa,0.7,FSCHeRa,FSCHeRa,0.7,FSCHeRa,dear,50,64MB,46.2053,49996,16780
FSCHeRa,0.7,FSCHeRa,FSCHeRa,0.7,FSCHeRa,dear,50,64MB,49.1142,52728,14044
FSCHeRa,0.7,FSCHeRa,FSCHeRa,0.7,FSCHeRa,dear,50,64MB,42.6915,51192,15576
FSCHeRa,0.7,FSCHeRa,FSCHeRa,0.7,FSCHeRa,dear,50,64MB,43.6619,49232,17540
FSCHeRa,0.7,FSCHeRa,FSCHeRa,0.7,FSCHeRa,dear,50,64MB,43.4614,55172,11612
FSCHeRa,0.7,FSCHeRa,FSCHeRa,0.7,FSCHeRa,dear,50,64MB,45.9937,51396,15388
FSCHeRa,0.7,FSCHeRa,FSCHeRa,0.7,FSCHeRa,dear,50,64MB,50.1081,54024,12768
FSCHeRa,0.7,FSCHeRa,FSCHeRa,0.7,FSCHeRa,dear,50,64MB,50.0761,53868,12904
FSCHeRa,0.7,FSCHeRa,FSCHeRa,0.7,FSCHeRa,dear,50,64MB,47.111,53096,13680
FSCHeRa,0.7,FSCHeRa,FSCHeRa,0.7,FSCHeRa,dear,50,64MB,51.5477,54264,12504
FSCHeRa,0.7,FSCHeRa,FSCHeRa,0.7,FSCHeRa,dear,50,64MB,47.0434,53744,13024
FSCHeRa,0.7,FSCHeRa,FSCHeRa,0.7,FSCHeRa,dear,50,64MB,47.6879,54596,12196
FSCHeRa,0.7,FSCHeRa,FSCHeRa,0.7,FSCHeRa,dear,50,64MB,42.051,52988,13780
FSCHeRa,0.7,FSCHeRa,FSCHeRa,0.7,FSCHeRa,dear,50,64MB,42.6108,53204,13572
FSCHeRa,0.7,FSCHeRa,FSCHeRa,0.7,FSCHeRa,dear,50,64MB,46.5877,54352,12420
FSCHeRa,0.7,FSCHeRa,FSCHeRa,0.7,FSCHeRa,dear,50,64MB,48.4138,54020,12752
FSCHeRa,0.7,FSCHeRa,FSCHeRa,0.7,FSCHeRa,dear,50,64MB,44.751,49468,17304
FSCHeRa,0.7,FSCHeRa,FSCHeRa,0.7,FSCHeRa,dear,50,64MB,47.8355,52592,14204
FSCHeRa,0.7,FSCHeRa,FSCHeRa,0.7,FSCHeRa,dear,50,64MB,46.8966,52636,14124
FSCHeRa,0.7,FSCHeRa,FSCHeRa,0.7,FSCHeRa,dear,50,64MB,49.1168,54120,12648
FSCHeRa,0.7,FSCHeRa,FSCHeRa,0.7,FSCHeRa,dear,50,64MB,49.2122,53664,13104
FSCHeRa,0.7,FSCHeRa,FSCHeRa,0.7,FSCHeRa,dear,50,64MB,48.3673,53932,12836
FSCHeRa,0.7,FSCHeRa,FSCHeRa,0.7,FSCHeRa,dear,50,64MB,47.9092,52508,14264
FSCHeRa,0.7,FSCHeRa,FSCHeRa,0.7,FSCHeRa,dear,50,64MB,45.5958,54000,12772
FSCHeRa,0.7,FSCHeRa,FSCHeRa,0.7,FSCHeRa,dear,50,64MB,47.8998,52696,14072
FSCHeRa,0.7,FSCHeRa,FSCHeRa,0.7,FSCHeRa,dear,50,64MB,45.8549,55172,11600
FSCHeRa,0.7,FSCHeRa,FSCHeRa,0.7,FSCHeRa,dear,50,64MB,41.612,52664,14108
FSCHeRa,0.7,FSCHeRa,FSCHeRa,0.7,FSCHeRa,dear,50,64MB,48.0896,56084,10676
FSCHeRa,0.7,FSCHeRa,FSCHeRa,0.7,FSCHeRa,dear,50,64MB,50.0565,54108,12672
FSCHeRa,0.7,FSCHeRa,FSCHeRa,0.7,FSCHeRa,dear,50,64MB,49.7287,53788,12984
FSCHeRa,0.7,FSCHeRa,FSCHeRa,0.7,FSCHeRa,dearcap,50,64MB,47.2656,47404,19404
FSCHeRa,0.7,FSCHeRa,FSCHeRa,0.7,FSCHeRa,dearcap,50,64MB,50.1862,51476,15308
FSCHeRa,0.7,FSCHeRa,FSCHeRa,0.7,FSCHeRa,dearcap,50,64MB,46.4335,52328,14452
FSCHeRa,0.7,FSCHeRa,FSCHeRa,0.7,FSCHeRa,dearcap,50,64MB,45.9463,52124,14660
FSCHeRa,0.7,FSCHeRa,FSCHeRa,0.7,FSCHeRa,dearcap,50,64MB,48.9523,54932,11844
FSCHeRa,0.7,FSCHeRa,FSCHeRa,0.7,FSCHeRa,dearcap,50,64MB,47.5066,53376,13408
FSCHeRa,0.7,FSCHeRa,FSCHeRa,0.7,FSCHeRa,dearcap,50,64MB,47.7174,54368,12400
FSCHeRa,0.7,FSCHeRa,FSCHeRa,0.7,FSCHeRa,dearcap,50,64MB,43.6696,52736,14044
FSCHeRa,0.7,FSCHeRa,FSCHeRa,0.7,FSCHeRa,dearcap,50,64MB,42.347,56428,10344
FSCHeRa,0.7,FSCHeRa,FSCHeRa,0.7,FSCHeRa,dearcap,50,64MB,51.7651,53860,12920
FSCHeRa,0.7,FSCHeRa,FSCHeRa,0.7,FSCHeRa,dearcap,50,64MB,49.3378,54148,12632
FSCHeRa,0.7,FSCHeRa,FSCHeRa,0.7,FSCHeRa,dearcap,50,64MB,47.7868,53544,13240
FSCHeRa,0.7,FSCHeRa,FSCHeRa,0.7,FSCHeRa,dearcap,50,64MB,46.6755,53584,13184
FSCHeRa,0.7,FSCHeRa,FSCHeRa,0.7,FSCHeRa,dearcap,50,64MB,52.2586,53556,13224
FSCHeRa,0.7,FSCHeRa,FSCHeRa,0.7,FSCHeRa,dearcap,50,64MB,46.5228,49016,17768
FSCHeRa,0.7,FSCHeRa,FSCHeRa,0.7,FSCHeRa,dearcap,50,64MB,48.6731,51836,14940
FSCHeRa,0.7,FSCHeRa,FSCHeRa,0.7,FSCHeRa,dearcap,50,64MB,48.1707,53576,13200
FSCHeRa,0.7,FSCHeRa,FSCHeRa,0.7,FSCHeRa,dearcap,50,64MB,42.0952,49268,17512
FSCHeRa,0.7,FSCHeRa,FSCHeRa,0.7,FSCHeRa,dearcap,50,64MB,45.1902,51552,15228
FSCHeRa,0.7,FSCHeRa,FSCHeRa,0.7,FSCHeRa,dearcap,50,64MB,46.047,52736,14048
FSCHeRa,0.7,FSCHeRa,FSCHeRa,0.7,FSCHeRa,dearcap,50,64MB,41.5604,50820,15960
FSCHeRa,0.7,FSCHeRa,FSCHeRa,0.7,FSCHeRa,dearcap,50,64MB,43.556,49852,16960
FSCHeRa,0.7,FSCHeRa,FSCHeRa,0.7,FSCHeRa,dearcap,50,64MB,44.365,53464,13316
FSCHeRa,0.7,FSCHeRa,FSCHeRa,0.7,FSCHeRa,dearcap,50,64MB,44.6791,52908,13872
FSCHeRa,0.7,FSCHeRa,FSCHeRa,0.7,FSCHeRa,dearcap,50,64MB,44.1227,54104,12664
FSCHeRa,0.7,FSCHeRa,FSCHeRa,0.7,FSCHeRa,dearcap,50,64MB,46.9435,52436,14328
FSCHeRa,0.7,FSCHeRa,FSCHeRa,0.7,FSCHeRa,dearcap,50,64MB,47.8022,53428,13356
FSCHeRa,0.7,FSCHeRa,FSCHeRa,0.7,FSCHeRa,dearcap,50,64MB,44.9648,48972,17816
FSCHeRa,0.7,FSCHeRa,FSCHeRa,0.7,FSCHeRa,dearcap,50,64MB,43.682,47012,19780
FSCHeRa,0.7,FSCHeRa,FSCHeRa,0.7,FSCHeRa,dearcap,50,64MB,50.4298,54812,11956
FSCHeRa,0.7,FSCHeRa,FSCHeRa,0.7,FSCHeRa,dearcap,50,64MB,49.4253,53880,12900
FSCHeRa,0.7,FSCHeRa,FSCHeRa,0.7,FSCHeRa,dearcap,50,64MB,48.0721,52944,13840
FSCHeRa,0.7,FSCHeRa,FSCHeRa,0.7,FSCHeRa,dearcap,50,64MB,50.7777,54472,12296
FSCHeRa,0.7,FSCHeRa,FSCHeRa,0.7,FSCHeRa,dearcap,50,64MB,47.0785,54028,12748
FSCHeRa,0.7,FSCHeRa,FSCHeRa,0.7,FSCHeRa,dearcap,50,64MB,49.9176,54212,12572
FSCHeRa,0.7,FSCHeRa,FSCHeRa,0.7,FSCHeRa,dearcap,50,64MB,46.9782,54104,12676
FSCHeRa,0.7,FSCHeRa,FSCHeRa,0.7,FSCHeRa,dearcap,50,64MB,48.3412,54772,12008
FSCHeRa,0.7,FSCHeRa,FSCHeRa,0.7,FSCHeRa,dearcap,50,64MB,47.471,54472,12316
FSCHeRa,0.7,FSCHeRa,FSCHeRa,0.7,FSCHeRa,dearcap,50,64MB,46.6555,52232,14548
FSCHeRa,0.7,FSCHeRa,FSCHeRa,0.7,FSCHeRa,dearcap,50,64MB,40.9373,51820,14952
FSCHeRa,0.7,FSCHeRa,FSCHeRa,0.7,FSCHeRa,dearcap,50,64MB,48.5416,54432,12352
FSCHeRa,0.7,FSCHeRa,FSCHeRa,0.7,FSCHeRa,dearcap,50,64MB,45.5307,50444,16340
FSCHeRa,0.7,FSCHeRa,FSCHeRa,0.7,FSCHeRa,dearcap,50,64MB,45.5307,0,0
FSCHeRa,0.7,FSCHeRa,FSCHeRa,0.7,FSCHeRa,dearcap,50,64MB,45.9851,51912,14868
FSCHeRa,0.7,FSCHeRa,FSCHeRa,0.7,FSCHeRa,dearcap,50,64MB,46.5498,53784,13004
FSCHeRa,0.7,FSCHeRa,FSCHeRa,0.7,FSCHeRa,dearcap,50,64MB,49.0109,54588,12196
FSCHeRa,0.7,FSCHeRa,FSCHeRa,0.7,FSCHeRa,dearcap,50,64MB,47.546,53732,13052
FSCHeRa,0.7,FSCHeRa,FSCHeRa,0.7,FSCHeRa,dearcap,50,64MB,50.3297,53464,13324
FSCHeRa,0.7,FSCHeRa,FSCHeRa,0.7,FSCHeRa,dearcap,50,64MB,47.1956,52924,13856
FSCHeRa,0.7,FSCHeRa,FSCHeRa,0.7,FSCHeRa,dearcap,50,64MB,51.2731,53156,13628
FSCHeRa,0.7,FSCHeRa,FSCHeRa,0.7,FSCHeRa,dearmac2,50,64MB,47.0051,53852,12916
FSCHeRa,0.7,FSCHeRa,FSCHeRa,0.7,FSCHeRa,dearmac2,50,64MB,49.4162,53072,13696
FSCHeRa,0.7,FSCHeRa,FSCHeRa,0.7,FSCHeRa,dearmac2,50,64MB,48.1013,53732,13048
FSCHeRa,0.7,FSCHeRa,FSCHeRa,0.7,FSCHeRa,dearmac2,50,64MB,47.4344,53356,13420
FSCHeRa,0.7,FSCHeRa,FSCHeRa,0.7,FSCHeRa,dearmac2,50,64MB,43.1808,51848,14912
FSCHeRa,0.7,FSCHeRa,FSCHeRa,0.7,FSCHeRa,dearmac2,50,64MB,47.9159,54620,12160
FSCHeRa,0.7,FSCHeRa,FSCHeRa,0.7,FSCHeRa,dearmac2,50,64MB,49.4604,54796,11972
FSCHeRa,0.7,FSCHeRa,FSCHeRa,0.7,FSCHeRa,dearmac2,50,64MB,46.1977,54524,12248
FSCHeRa,0.7,FSCHeRa,FSCHeRa,0.7,FSCHeRa,dearmac2,50,64MB,42.9494,52152,14624
FSCHeRa,0.7,FSCHeRa,FSCHeRa,0.7,FSCHeRa,dearmac2,50,64MB,41.6789,54436,12336
FSCHeRa,0.7,FSCHeRa,FSCHeRa,0.7,FSCHeRa,dearmac2,50,64MB,47.5019,53952,12828
FSCHeRa,0.7,FSCHeRa,FSCHeRa,0.7,FSCHeRa,dearmac2,50,64MB,45.8179,54780,11992
FSCHeRa,0.7,FSCHeRa,FSCHeRa,0.7,FSCHeRa,dearmac2,50,64MB,47.268,52960,13824
FSCHeRa,0.7,FSCHeRa,FSCHeRa,0.7,FSCHeRa,dearmac2,50,64MB,47.6431,51788,14980
FSCHeRa,0.7,FSCHeRa,FSCHeRa,0.7,FSCHeRa,dearmac2,50,64MB,48.8531,53560,13208
FSCHeRa,0.7,FSCHeRa,FSCHeRa,0.7,FSCHeRa,dearmac2,50,64MB,44.4582,54004,12772
FSCHeRa,0.7,FSCHeRa,FSCHeRa,0.7,FSCHeRa,dearmac2,50,64MB,48.6118,51756,15012
FSCHeRa,0.7,FSCHeRa,FSCHeRa,0.7,FSCHeRa,dearmac2,50,64MB,48.7222,53844,12936
FSCHeRa,0.7,FSCHeRa,FSCHeRa,0.7,FSCHeRa,dearmac2,50,64MB,46.7007,53020,13768
FSCHeRa,0.7,FSCHeRa,FSCHeRa,0.7,FSCHeRa,dearmac2,50,64MB,49.7234,53672,13108
FSCHeRa,0.7,FSCHeRa,FSCHeRa,0.7,FSCHeRa,dearmac2,50,64MB,43.3169,48124,18644
FSCHeRa,0.7,FSCHeRa,FSCHeRa,0.7,FSCHeRa,dearmac2,50,64MB,47.8408,53692,13092
FSCHeRa,0.7,FSCHeRa,FSCHeRa,0.7,FSCHeRa,dearmac2,50,64MB,46.9329,54992,11788
FSCHeRa,0.7,FSCHeRa,FSCHeRa,0.7,FSCHeRa,dearmac2,50,64MB,47.054,53664,13132
FSCHeRa,0.7,FSCHeRa,FSCHeRa,0.7,FSCHeRa,dearmac2,50,64MB,45.7401,52288,14484
FSCHeRa,0.7,FSCHeRa,FSCHeRa,0.7,FSCHeRa,dearmac2,50,64MB,47.2307,53448,13320
FSCHeRa,0.7,FSCHeRa,FSCHeRa,0.7,FSCHeRa,dearmac2,50,64MB,49.5193,49800,16976
FSCHeRa,0.7,FSCHeRa,FSCHeRa,0.7,FSCHeRa,dearmac2,50,64MB,49.454,54068,12704
FSCHeRa,0.7,FSCHeRa,FSCHeRa,0.7,FSCHeRa,dearmac2,50,64MB,47.5736,53712,13072
FSCHeRa,0.7,FSCHeRa,FSCHeRa,0.7,FSCHeRa,dearmac2,50,64MB,47.2894,53200,13564
FSCHeRa,0.7,FSCHeRa,FSCHeRa,0.7,FSCHeRa,dearmac2,50,64MB,47.6739,54332,12444
FSCHeRa,0.7,FSCHeRa,FSCHeRa,0.7,FSCHeRa,dearmac2,50,64MB,47.0972,54360,12416
FSCHeRa,0.7,FSCHeRa,FSCHeRa,0.7,FSCHeRa,dearmac2,50,64MB,40.4673,50816,15952
FSCHeRa,0.7,FSCHeRa,FSCHeRa,0.7,FSCHeRa,dearmac2,50,64MB,45.4866,51228,15548
FSCHeRa,0.7,FSCHeRa,FSCHeRa,0.7,FSCHeRa,dearmac2,50,64MB,46.0125,53308,13468
FSCHeRa,0.7,FSCHeRa,FSCHeRa,0.7,FSCHeRa,dearmac2,50,64MB,47.0684,49984,16796
FSCHeRa,0.7,FSCHeRa,FSCHeRa,0.7,FSCHeRa,dearmac2,50,64MB,48.4341,54284,12488
FSCHeRa,0.7,FSCHeRa,FSCHeRa,0.7,FSCHeRa,dearmac2,50,64MB,50.9113,54384,12400
FSCHeRa,0.7,FSCHeRa,FSCHeRa,0.7,FSCHeRa,dearmac2,50,64MB,48.1198,52060,14728
FSCHeRa,0.7,FSCHeRa,FSCHeRa,0.7,FSCHeRa,dearmac2,50,64MB,45.6373,53988,12780
FSCHeRa,0.7,FSCHeRa,FSCHeRa,0.7,FSCHeRa,dearmac2,50,64MB,52.6624,54384,12400
FSCHeRa,0.7,FSCHeRa,FSCHeRa,0.7,FSCHeRa,dearmac2,50,64MB,43.5836,52400,14368
FSCHeRa,0.7,FSCHeRa,FSCHeRa,0.7,FSCHeRa,dearmac2,50,64MB,48.1933,54212,12572
FSCHeRa,0.7,FSCHeRa,FSCHeRa,0.7,FSCHeRa,dearmac2,50,64MB,44.9998,49220,17556
FSCHeRa,0.7,FSCHeRa,FSCHeRa,0.7,FSCHeRa,dearmac2,50,64MB,46.9729,52132,14644
FSCHeRa,0.7,FSCHeRa,FSCHeRa,0.7,FSCHeRa,dearmac2,50,64MB,45.264,55116,11632
FSCHeRa,0.7,FSCHeRa,FSCHeRa,0.7,FSCHeRa,dearmac2,50,64MB,48.3042,54040,12728
FSCHeRa,0.7,FSCHeRa,FSCHeRa,0.7,FSCHeRa,dearmac2,50,64MB,48.672,52788,13992
FSCHeRa,0.7,FSCHeRa,FSCHeRa,0.7,FSCHeRa,dearmac2,50,64MB,47.0968,54592,12176
FSCHeRa,0.7,FSCHeRa,FSCHeRa,0.7,FSCHeRa,dearmac2,50,64MB,42.583,52600,14176
FSCHeRa,0.7,FSCHeRa,FSCHeRa,0.7,FSCHeRa,dearmac3,50,64MB,48.3338,52708.0,14040.0
FSCHeRa,0.7,FSCHeRa,FSCHeRa,0.7,FSCHeRa,dearmac3,50,64MB,41.2710,54680.0,12104.0
FSCHeRa,0.7,FSCHeRa,FSCHeRa,0.7,FSCHeRa,dearmac3,50,64MB,39.4535,51460.0,15320.0
FSCHeRa,0.7,FSCHeRa,FSCHeRa,0.7,FSCHeRa,dearmac3,50,64MB,46.3396,53724.0,13060.0
FSCHeRa,0.7,FSCHeRa,FSCHeRa,0.7,FSCHeRa,dearmac3,50,64MB,46.7186,51204.0,15568.0
FSCHeRa,0.7,FSCHeRa,FSCHeRa,0.7,FSCHeRa,dearmac3,50,64MB,43.9211,51320.0,15464.0
FSCHeRa,0.7,FSCHeRa,FSCHeRa,0.7,FSCHeRa,dearmac3,50,64MB,46.7694,53152.0,13616.0
FSCHeRa,0.7,FSCHeRa,FSCHeRa,0.7,FSCHeRa,dearmac3,50,64MB,42.9097,55472.0,11288.0
FSCHeRa,0.7,FSCHeRa,FSCHeRa,0.7,FSCHeRa,dearmac3,50,64MB,50.0682,53048.0,13736.0
FSCHeRa,0.7,FSCHeRa,FSCHeRa,0.7,FSCHeRa,dearmac3,50,64MB,47.8301,54844.0,11932.0
FSCHeRa,0.7,FSCHeRa,FSCHeRa,0.7,FSCHeRa,dearmac3,50,64MB,47.0209,52400.0,14364.0
FSCHeRa,0.7,FSCHeRa,FSCHeRa,0.7,FSCHeRa,dearmac3,50,64MB,50.3448,54660.0,12104.0
FSCHeRa,0.7,FSCHeRa,FSCHeRa,0.7,FSCHeRa,dearmac3,50,64MB,46.8437,52088.0,14700.0
FSCHeRa,0.7,FSCHeRa,FSCHeRa,0.7,FSCHeRa,dearmac3,50,64MB,43.0627,49304.0,17464.0
FSCHeRa,0.7,FSCHeRa,FSCHeRa,0.7,FSCHeRa,dearmac3,50,64MB,46.7141,53772.0,13000.0
FSCHeRa,0.7,FSCHeRa,FSCHeRa,0.7,FSCHeRa,dearmac3,50,64MB,49.0116,53268.0,13516.0
FSCHeRa,0.7,FSCHeRa,FSCHeRa,0.7,FSCHeRa,dearmac3,50,64MB,49.5920,54504.0,12268.0
FSCHeRa,0.7,FSCHeRa,FSCHeRa,0.7,FSCHeRa,dearmac3,50,64MB,45.2807,53572.0,13216.0
FSCHeRa,0.7,FSCHeRa,FSCHeRa,0.7,FSCHeRa,dearmac3,50,64MB,46.7983,53472.0,13304.0
FSCHeRa,0.7,FSCHeRa,FSCHeRa,0.7,FSCHeRa,dearmac3,50,64MB,46.9607,53800.0,12976.0
FSCHeRa,0.7,FSCHeRa,FSCHeRa,0.7,FSCHeRa,dearmac3,50,64MB,47.3117,52212.0,14560.0
FSCHeRa,0.7,FSCHeRa,FSCHeRa,0.7,FSCHeRa,dearmac3,50,64MB,44.2312,52144.0,14644.0
FSCHeRa,0.7,FSCHeRa,FSCHeRa,0.7,FSCHeRa,dearmac3,50,64MB,41.1057,47176.0,19600.0
FSCHeRa,0.7,FSCHeRa,FSCHeRa,0.7,FSCHeRa,dearmac3,50,64MB,50.5629,54052.0,12740.0
FSCHeRa,0.7,FSCHeRa,FSCHeRa,0.7,FSCHeRa,dearmac3,50,64MB,46.4342,53144.0,13636.0
FSCHeRa,0.7,FSCHeRa,FSCHeRa,0.7,FSCHeRa,dearmac3,50,64MB,45.1381,54708.0,12064.0
FSCHeRa,0.7,FSCHeRa,FSCHeRa,0.7,FSCHeRa,dearmac3,50,64MB,47.1173,51388.0,15388.0
FSCHeRa,0.7,FSCHeRa,FSCHeRa,0.7,FSCHeRa,dearmac3,50,64MB,52.1793,53940.0,12868.0
FSCHeRa,0.7,FSCHeRa,FSCHeRa,0.7,FSCHeRa,dearmac3,50,64MB,46.6806,53356.0,13424.0
FSCHeRa,0.7,FSCHeRa,FSCHeRa,0.7,FSCHeRa,dearmac3,50,64MB,48.6555,54792.0,11984.0
FSCHeRa,0.7,FSCHeRa,FSCHeRa,0.7,FSCHeRa,dearmac3,50,64MB,49.1671,54268.0,12500.0
FSCHeRa,0.7,FSCHeRa,FSCHeRa,0.7,FSCHeRa,dearmac3,50,64MB,48.6144,54048.0,12732.0
FSCHeRa,0.7,FSCHeRa,FSCHeRa,0.7,FSCHeRa,dearmac3,50,64MB,47.7776,53460.0,13320.0
FSCHeRa,0.7,FSCHeRa,FSCHeRa,0.7,FSCHeRa,dearmac3,50,64MB,50.1463,53024.0,13756.0
FSCHeRa,0.7,FSCHeRa,FSCHeRa,0.7,FSCHeRa,dearmac3,50,64MB,46.7213,54432.0,12348.0
FSCHeRa,0.7,FSCHeRa,FSCHeRa,0.7,FSCHeRa,dearmac3,50,64MB,47.2548,53724.0,13052.0
FSCHeRa,0.7,FSCHeRa,FSCHeRa,0.7,FSCHeRa,dearmac3,50,64MB,51.2310,54620.0,12152.0
FSCHeRa,0.7,FSCHeRa,FSCHeRa,0.7,FSCHeRa,dearmac3,50,64MB,45.6604,54392.0,12380.0
FSCHeRa,0.7,FSCHeRa,FSCHeRa,0.7,FSCHeRa,dearmac3,50,64MB,47.8688,53892.0,12880.0
FSCHeRa,0.7,FSCHeRa,FSCHeRa,0.7,FSCHeRa,dearmac3,50,64MB,47.4541,54300.0,12480.0
FSCHeRa,0.7,FSCHeRa,FSCHeRa,0.7,FSCHeRa,dearmac3,50,64MB,46.8760,54280.0,12484.0
FSCHeRa,0.7,FSCHeRa,FSCHeRa,0.7,FSCHeRa,dearmac3,50,64MB,45.3786,51272.0,15492.0
FSCHeRa,0.7,FSCHeRa,FSCHeRa,0.7,FSCHeRa,dearmac3,50,64MB,45.7302,55356.0,11408.0
FSCHeRa,0.7,FSCHeRa,FSCHeRa,0.7,FSCHeRa,dearmac3,50,64MB,47.8162,49524.0,17256.0
FSCHeRa,0.7,FSCHeRa,FSCHeRa,0.7,FSCHeRa,dearmac3,50,64MB,49.0277,53916.0,12836.0
FSCHeRa,0.7,FSCHeRa,FSCHeRa,0.7,FSCHeRa,dearmac3,50,64MB,46.4145,53144.0,13636.0
FSCHeRa,0.7,FSCHeRa,FSCHeRa,0.7,FSCHeRa,dearmac3,50,64MB,49.2342,54468.0,12316.0
FSCHeRa,0.7,FSCHeRa,FSCHeRa,0.7,FSCHeRa,dearmac3,50,64MB,47.6157,54876.0,11904.0
FSCHeRa,0.7,FSCHeRa,FSCHeRa,0.7,FSCHeRa,dearmac3,50,64MB,49.7006,51356.0,15428.0
FSCHeRa,0.7,FSCHeRa,FSCHeRa,0.7,FSCHeRa,dearmac3,50,64MB,49.4070,54100.0,12672.0
FSCHeRa,0.7,FSCHeRa,FSCHeRa,0.7,FSCHeRa,round_robin,50,64MB,109.958,39528.0,27292.0
FSCHeRa,0.7,FSCHeRa,FSCHeRa,0.7,FSCHeRa,round_robin,50,64MB,113.650,39732.0,27088.0
FSCHeRa,0.7,FSCHeRa,FSCHeRa,0.7,FSCHeRa,round_robin,50,64MB,118.897,40048.0,26768.0
FSCHeRa,0.7,FSCHeRa,FSCHeRa,0.7,FSCHeRa,round_robin,50,64MB,112.115,39128.0,27680.0
FSCHeRa,0.7,FSCHeRa,FSCHeRa,0.7,FSCHeRa,round_robin,50,64MB,114.911,38348.0,28472.0
FSCHeRa,0.7,FSCHeRa,FSCHeRa,0.7,FSCHeRa,round_robin,50,64MB,103.264,34844.0,31968.0
FSCHeRa,0.7,FSCHeRa,FSCHeRa,0.7,FSCHeRa,round_robin,50,64MB,115.631,38996.0,27804.0
FSCHeRa,0.7,FSCHeRa,FSCHeRa,0.7,FSCHeRa,round_robin,50,64MB,116.263,39160.0,27668.0
FSCHeRa,0.7,FSCHeRa,FSCHeRa,0.7,FSCHeRa,round_robin,50,64MB,114.760,39300.0,27520.0
FSCHeRa,0.7,FSCHeRa,FSCHeRa,0.7,FSCHeRa,round_robin,50,64MB,125.967,40044.0,26768.0
FSCHeRa,0.7,FSCHeRa,FSCHeRa,0.7,FSCHeRa,round_robin,50,64MB,100.373,37776.0,29036.0
FSCHeRa,0.7,FSCHeRa,FSCHeRa,0.7,FSCHeRa,round_robin,50,64MB,101.953,37044.0,29772.0
FSCHeRa,0.7,FSCHeRa,FSCHeRa,0.7,FSCHeRa,round_robin,50,64MB,106.675,38408.0,28388.0
FSCHeRa,0.7,FSCHeRa,FSCHeRa,0.7,FSCHeRa,round_robin,50,64MB,117.841,38508.0,28316.0
FSCHeRa,0.7,FSCHeRa,FSCHeRa,0.7,FSCHeRa,round_robin,50,64MB,110.339,41000.0,25820.0
FSCHeRa,0.7,FSCHeRa,FSCHeRa,0.7,FSCHeRa,round_robin,50,64MB,109.088,37488.0,29332.0
FSCHeRa,0.7,FSCHeRa,FSCHeRa,0.7,FSCHeRa,round_robin,50,64MB,117.794,38796.0,28032.0
FSCHeRa,0.7,FSCHeRa,FSCHeRa,0.7,FSCHeRa,round_robin,50,64MB,115.799,38988.0,27836.0
FSCHeRa,0.7,FSCHeRa,FSCHeRa,0.7,FSCHeRa,round_robin,50,64MB,110.830,37668.0,29144.0
FSCHeRa,0.7,FSCHeRa,FSCHeRa,0.7,FSCHeRa,round_robin,50,64MB,108.603,35460.0,31360.0
FSCHeRa,0.7,FSCHeRa,FSCHeRa,0.7,FSCHeRa,round_robin,50,64MB,108.754,36900.0,29920.0
FSCHeRa,0.7,FSCHeRa,FSCHeRa,0.7,FSCHeRa,round_robin,50,64MB,103.630,38224.0,28588.0
FSCHeRa,0.7,FSCHeRa,FSCHeRa,0.7,FSCHeRa,round_robin,50,64MB,118.748,37720.0,29088.0
FSCHeRa,0.7,FSCHeRa,FSCHeRa,0.7,FSCHeRa,round_robin,50,64MB,109.517,36984.0,29832.0
FSCHeRa,0.7,FSCHeRa,FSCHeRa,0.7,FSCHeRa,round_robin,50,64MB,111.032,36428.0,30396.0
FSCHeRa,0.7,FSCHeRa,FSCHeRa,0.7,FSCHeRa,round_robin,50,64MB,114.440,39984.0,26832.0
FSCHeRa,0.7,FSCHeRa,FSCHeRa,0.7,FSCHeRa,round_robin,50,64MB,97.7399,34616.0,32196.0
FSCHeRa,0.7,FSCHeRa,FSCHeRa,0.7,FSCHeRa,round_robin,50,64MB,108.796,38360.0,28456.0
FSCHeRa,0.7,FSCHeRa,FSCHeRa,0.7,FSCHeRa,round_robin,50,64MB,112.508,39788.0,27036.0
FSCHeRa,0.7,FSCHeRa,FSCHeRa,0.7,FSCHeRa,round_robin,50,64MB,103.795,37424.0,29384.0
FSCHeRa,0.7,FSCHeRa,FSCHeRa,0.7,FSCHeRa,round_robin,50,64MB,97.5837,38668.0,28140.0
FSCHeRa,0.7,FSCHeRa,FSCHeRa,0.7,FSCHeRa,round_robin,50,64MB,111.883,38976.0,27852.0
FSCHeRa,0.7,FSCHeRa,FSCHeRa,0.7,FSCHeRa,round_robin,50,64MB,108.637,39200.0,27616.0
FSCHeRa,0.7,FSCHeRa,FSCHeRa,0.7,FSCHeRa,round_robin,50,64MB,106.676,38068.0,28724.0
FSCHeRa,0.7,FSCHeRa,FSCHeRa,0.7,FSCHeRa,round_robin,50,64MB,114.802,37308.0,29512.0
FSCHeRa,0.7,FSCHeRa,FSCHeRa,0.7,FSCHeRa,round_robin,50,64MB,115.019,39900.0,26920.0
FSCHeRa,0.7,FSCHeRa,FSCHeRa,0.7,FSCHeRa,round_robin,50,64MB,103.629,38416.0,28416.0
FSCHeRa,0.7,FSCHeRa,FSCHeRa,0.7,FSCHeRa,round_robin,50,64MB,119.460,39264.0,27560.0
FSCHeRa,0.7,FSCHeRa,FSCHeRa,0.7,FSCHeRa,round_robin,50,64MB,110.724,40404.0,26412.0
FSCHeRa,0.7,FSCHeRa,FSCHeRa,0.7,FSCHeRa,round_robin,50,64MB,116.965,39448.0,27364.0
FSCHeRa,0.7,FSCHeRa,FSCHeRa,0.7,FSCHeRa,round_robin,50,64MB,116.333,38892.0,27932.0
FSCHeRa,0.7,FSCHeRa,FSCHeRa,0.7,FSCHeRa,round_robin,50,64MB,111.992,38068.0,28760.0
FSCHeRa,0.7,FSCHeRa,FSCHeRa,0.7,FSCHeRa,round_robin,50,64MB,109.453,37940.0,28868.0
FSCHeRa,0.7,FSCHeRa,FSCHeRa,0.7,FSCHeRa,round_robin,50,64MB,96.4770,35360.0,31428.0
FSCHeRa,0.7,FSCHeRa,FSCHeRa,0.7,FSCHeRa,round_robin,50,64MB,117.180,39528.0,27300.0
FSCHeRa,0.7,FSCHeRa,FSCHeRa,0.7,FSCHeRa,round_robin,50,64MB,104.437,40020.0,26792.0
FSCHeRa,0.7,FSCHeRa,FSCHeRa,0.7,FSCHeRa,round_robin,50,64MB,116.584,39572.0,27248.0
FSCHeRa,0.7,FSCHeRa,FSCHeRa,0.7,FSCHeRa,round_robin,50,64MB,110.180,34380.0,32440.0
FSCHeRa,0.7,FSCHeRa,FSCHeRa,0.7,FSCHeRa,round_robin,50,64MB,109.776,37560.0,29256.0
FSCHeRa,0.7,FSCHeRa,FSCHeRa,0.7,FSCHeRa,round_robin,50,64MB,118.892,40080.0,26740.0
FSCHeRa,0.7,FSCHeRa,FSCHeRa,0.7,FSCHeRa,low_latency,50,64MB,98.1751,39092.0,27736.0
FSCHeRa,0.7,FSCHeRa,FSCHeRa,0.7,FSCHeRa,low_latency,50,64MB,100.214,40404.0,26428.0
FSCHeRa,0.7,FSCHeRa,FSCHeRa,0.7,FSCHeRa,low_latency,50,64MB,113.347,40832.0,26012.0
FSCHeRa,0.7,FSCHeRa,FSCHeRa,0.7,FSCHeRa,low_latency,50,64MB,100.982,41256.0,25576.0
FSCHeRa,0.7,FSCHeRa,FSCHeRa,0.7,FSCHeRa,low_latency,50,64MB,93.3476,41276.0,25552.0
FSCHeRa,0.7,FSCHeRa,FSCHeRa,0.7,FSCHeRa,low_latency,50,64MB,97.0919,39852.0,26976.0
FSCHeRa,0.7,FSCHeRa,FSCHeRa,0.7,FSCHeRa,low_latency,50,64MB,98.0488,40412.0,26412.0
FSCHeRa,0.7,FSCHeRa,FSCHeRa,0.7,FSCHeRa,low_latency,50,64MB,95.2929,40536.0,26296.0
FSCHeRa,0.7,FSCHeRa,FSCHeRa,0.7,FSCHeRa,low_latency,50,64MB,91.2910,39576.0,27248.0
FSCHeRa,0.7,FSCHeRa,FSCHeRa,0.7,FSCHeRa,low_latency,50,64MB,106.172,40868.0,25964.0
FSCHeRa,0.7,FSCHeRa,FSCHeRa,0.7,FSCHeRa,low_latency,50,64MB,103.651,39068.0,27764.0
FSCHeRa,0.7,FSCHeRa,FSCHeRa,0.7,FSCHeRa,low_latency,50,64MB,97.8522,40808.0,26016.0
FSCHeRa,0.7,FSCHeRa,FSCHeRa,0.7,FSCHeRa,low_latency,50,64MB,102.761,39036.0,27832.0
FSCHeRa,0.7,FSCHeRa,FSCHeRa,0.7,FSCHeRa,low_latency,50,64MB,99.6543,40192.0,26660.0
FSCHeRa,0.7,FSCHeRa,FSCHeRa,0.7,FSCHeRa,low_latency,50,64MB,96.9213,38780.0,28048.0
FSCHeRa,0.7,FSCHeRa,FSCHeRa,0.7,FSCHeRa,low_latency,50,64MB,100.170,38216.0,28616.0
FSCHeRa,0.7,FSCHeRa,FSCHeRa,0.7,FSCHeRa,low_latency,50,64MB,104.252,42008.0,24844.0
FSCHeRa,0.7,FSCHeRa,FSCHeRa,0.7,FSCHeRa,low_latency,50,64MB,101.885,41836.0,24992.0
FSCHeRa,0.7,FSCHeRa,FSCHeRa,0.7,FSCHeRa,low_latency,50,64MB,93.2569,42880.0,23944.0
FSCHeRa,0.7,FSCHeRa,FSCHeRa,0.7,FSCHeRa,low_latency,50,64MB,105.112,40692.0,26136.0
FSCHeRa,0.7,FSCHeRa,FSCHeRa,0.7,FSCHeRa,low_latency,50,64MB,102.628,41236.0,25596.0
FSCHeRa,0.7,FSCHeRa,FSCHeRa,0.7,FSCHeRa,low_latency,50,64MB,92.2376,38932.0,27892.0
FSCHeRa,0.7,FSCHeRa,FSCHeRa,0.7,FSCHeRa,low_latency,50,64MB,98.5175,40932.0,25896.0
FSCHeRa,0.7,FSCHeRa,FSCHeRa,0.7,FSCHeRa,low_latency,50,64MB,98.1860,37924.0,28908.0
FSCHeRa,0.7,FSCHeRa,FSCHeRa,0.7,FSCHeRa,low_latency,50,64MB,101.739,40592.0,26240.0
FSCHeRa,0.7,FSCHeRa,FSCHeRa,0.7,FSCHeRa,low_latency,50,64MB,89.4883,38436.0,28388.0
FSCHeRa,0.7,FSCHeRa,FSCHeRa,0.7,FSCHeRa,low_latency,50,64MB,96.2709,40492.0,26336.0
FSCHeRa,0.7,FSCHeRa,FSCHeRa,0.7,FSCHeRa,low_latency,50,64MB,102.152,41008.0,25832.0
FSCHeRa,0.7,FSCHeRa,FSCHeRa,0.7,FSCHeRa,low_latency,50,64MB,104.548,39036.0,27800.0
FSCHeRa,0.7,FSCHeRa,FSCHeRa,0.7,FSCHeRa,low_latency,50,64MB,96.1187,41372.0,25456.0
FSCHeRa,0.7,FSCHeRa,FSCHeRa,0.7,FSCHeRa,low_latency,50,64MB,96.4505,39676.0,27152.0
FSCHeRa,0.7,FSCHeRa,FSCHeRa,0.7,FSCHeRa,low_latency,50,64MB,92.1515,39176.0,27652.0
FSCHeRa,0.7,FSCHeRa,FSCHeRa,0.7,FSCHeRa,low_latency,50,64MB,96.6186,39972.0,26856.0
FSCHeRa,0.7,FSCHeRa,FSCHeRa,0.7,FSCHeRa,low_latency,50,64MB,96.5795,39648.0,27180.0
FSCHeRa,0.7,FSCHeRa,FSCHeRa,0.7,FSCHeRa,low_latency,50,64MB,107.135,41652.0,25180.0
FSCHeRa,0.7,FSCHeRa,FSCHeRa,0.7,FSCHeRa,low_latency,50,64MB,102.663,38360.0,28472.0
FSCHeRa,0.7,FSCHeRa,FSCHeRa,0.7,FSCHeRa,low_latency,50,64MB,91.6617,35384.0,31444.0
FSCHeRa,0.7,FSCHeRa,FSCHeRa,0.7,FSCHeRa,low_latency,50,64MB,98.4348,37168.0,29684.0
FSCHeRa,0.7,FSCHeRa,FSCHeRa,0.7,FSCHeRa,low_latency,50,64MB,95.3267,37732.0,29096.0
FSCHeRa,0.7,FSCHeRa,FSCHeRa,0.7,FSCHeRa,low_latency,50,64MB,95.9379,39816.0,27008.0
FSCHeRa,0.7,FSCHeRa,FSCHeRa,0.7,FSCHeRa,low_latency,50,64MB,94.3435,39936.0,26928.0
FSCHeRa,0.7,FSCHeRa,FSCHeRa,0.7,FSCHeRa,low_latency,50,64MB,85.1543,40204.0,26620.0
FSCHeRa,0.7,FSCHeRa,FSCHeRa,0.7,FSCHeRa,low_latency,50,64MB,109.688,41396.0,25436.0
FSCHeRa,0.7,FSCHeRa,FSCHeRa,0.7,FSCHeRa,low_latency,50,64MB,111.023,40460.0,26376.0
FSCHeRa,0.7,FSCHeRa,FSCHeRa,0.7,FSCHeRa,low_latency,50,64MB,101.785,40012.0,26816.0
FSCHeRa,0.7,FSCHeRa,FSCHeRa,0.7,FSCHeRa,low_latency,50,64MB,103.558,42096.0,24732.0
FSCHeRa,0.7,FSCHeRa,FSCHeRa,0.7,FSCHeRa,low_latency,50,64MB,105.875,40300.0,26532.0
FSCHeRa,0.7,FSCHeRa,FSCHeRa,0.7,FSCHeRa,low_latency,50,64MB,102.879,40584.0,26248.0
FSCHeRa,0.7,FSCHeRa,FSCHeRa,0.7,FSCHeRa,low_latency,50,64MB,92.4480,39476.0,27352.0
FSCHeRa,0.7,FSCHeRa,FSCHeRa,0.7,FSCHeRa,low_latency,50,64MB,97.0422,41208.0,25620.0
FSCHeRa,0.7,FSCHeRa,FSCHeRa,0.7,FSCHeRa,ecf,50,64MB,100.304,41432.0,25400.0
FSCHeRa,0.7,FSCHeRa,FSCHeRa,0.7,FSCHeRa,ecf,50,64MB,97.3912,40692.0,26140.0
FSCHeRa,0.7,FSCHeRa,FSCHeRa,0.7,FSCHeRa,ecf,50,64MB,97.6514,39024.0,27804.0
FSCHeRa,0.7,FSCHeRa,FSCHeRa,0.7,FSCHeRa,ecf,50,64MB,99.1026,40096.0,26736.0
FSCHeRa,0.7,FSCHeRa,FSCHeRa,0.7,FSCHeRa,ecf,50,64MB,105.119,41108.0,25724.0
FSCHeRa,0.7,FSCHeRa,FSCHeRa,0.7,FSCHeRa,ecf,50,64MB,95.6185,38388.0,28436.0
FSCHeRa,0.7,FSCHeRa,FSCHeRa,0.7,FSCHeRa,ecf,50,64MB,106.278,40208.0,26660.0
FSCHeRa,0.7,FSCHeRa,FSCHeRa,0.7,FSCHeRa,ecf,50,64MB,108.454,41316.0,25528.0
FSCHeRa,0.7,FSCHeRa,FSCHeRa,0.7,FSCHeRa,ecf,50,64MB,96.2746,41056.0,25792.0
FSCHeRa,0.7,FSCHeRa,FSCHeRa,0.7,FSCHeRa,ecf,50,64MB,100.563,40856.0,25976.0
FSCHeRa,0.7,FSCHeRa,FSCHeRa,0.7,FSCHeRa,ecf,50,64MB,88.3274,34596.0,32252.0
FSCHeRa,0.7,FSCHeRa,FSCHeRa,0.7,FSCHeRa,ecf,50,64MB,101.606,38792.0,28040.0
FSCHeRa,0.7,FSCHeRa,FSCHeRa,0.7,FSCHeRa,ecf,50,64MB,99.2907,38016.0,28816.0
FSCHeRa,0.7,FSCHeRa,FSCHeRa,0.7,FSCHeRa,ecf,50,64MB,99.6484,37568.0,29260.0
FSCHeRa,0.7,FSCHeRa,FSCHeRa,0.7,FSCHeRa,ecf,50,64MB,99.7344,41380.0,25452.0
FSCHeRa,0.7,FSCHeRa,FSCHeRa,0.7,FSCHeRa,ecf,50,64MB,92.5900,40040.0,26784.0
FSCHeRa,0.7,FSCHeRa,FSCHeRa,0.7,FSCHeRa,ecf,50,64MB,106.843,41224.0,25608.0
FSCHeRa,0.7,FSCHeRa,FSCHeRa,0.7,FSCHeRa,ecf,50,64MB,100.611,40144.0,26688.0
FSCHeRa,0.7,FSCHeRa,FSCHeRa,0.7,FSCHeRa,ecf,50,64MB,101.169,40660.0,26172.0
FSCHeRa,0.7,FSCHeRa,FSCHeRa,0.7,FSCHeRa,ecf,50,64MB,92.7619,40856.0,25968.0
FSCHeRa,0.7,FSCHeRa,FSCHeRa,0.7,FSCHeRa,ecf,50,64MB,105.884,41180.0,25668.0
FSCHeRa,0.7,FSCHeRa,FSCHeRa,0.7,FSCHeRa,ecf,50,64MB,84.7874,38396.0,28424.0
FSCHeRa,0.7,FSCHeRa,FSCHeRa,0.7,FSCHeRa,ecf,50,64MB,107.317,41216.0,25620.0
FSCHeRa,0.7,FSCHeRa,FSCHeRa,0.7,FSCHeRa,ecf,50,64MB,103.898,40272.0,26560.0
FSCHeRa,0.7,FSCHeRa,FSCHeRa,0.7,FSCHeRa,ecf,50,64MB,103.991,40732.0,26108.0
FSCHeRa,0.7,FSCHeRa,FSCHeRa,0.7,FSCHeRa,ecf,50,64MB,97.5469,38268.0,28580.0
FSCHeRa,0.7,FSCHeRa,FSCHeRa,0.7,FSCHeRa,ecf,50,64MB,98.6607,40440.0,26412.0
FSCHeRa,0.7,FSCHeRa,FSCHeRa,0.7,FSCHeRa,ecf,50,64MB,108.708,41704.0,25136.0
FSCHeRa,0.7,FSCHeRa,FSCHeRa,0.7,FSCHeRa,ecf,50,64MB,113.265,41324.0,25520.0
FSCHeRa,0.7,FSCHeRa,FSCHeRa,0.7,FSCHeRa,ecf,50,64MB,98.3595,40024.0,26832.0
FSCHeRa,0.7,FSCHeRa,FSCHeRa,0.7,FSCHeRa,ecf,50,64MB,95.6656,41892.0,24936.0
FSCHeRa,0.7,FSCHeRa,FSCHeRa,0.7,FSCHeRa,ecf,50,64MB,91.7369,40728.0,26096.0
FSCHeRa,0.7,FSCHeRa,FSCHeRa,0.7,FSCHeRa,ecf,50,64MB,98.6130,38476.0,28352.0
FSCHeRa,0.7,FSCHeRa,FSCHeRa,0.7,FSCHeRa,ecf,50,64MB,105.935,40748.0,26100.0
FSCHeRa,0.7,FSCHeRa,FSCHeRa,0.7,FSCHeRa,ecf,50,64MB,97.6426,38692.0,28136.0
FSCHeRa,0.7,FSCHeRa,FSCHeRa,0.7,FSCHeRa,ecf,50,64MB,100.184,41100.0,25728.0
FSCHeRa,0.7,FSCHeRa,FSCHeRa,0.7,FSCHeRa,ecf,50,64MB,98.1481,40328.0,26500.0
FSCHeRa,0.7,FSCHeRa,FSCHeRa,0.7,FSCHeRa,ecf,50,64MB,102.150,41248.0,25584.0
FSCHeRa,0.7,FSCHeRa,FSCHeRa,0.7,FSCHeRa,ecf,50,64MB,108.541,41448.0,25384.0
FSCHeRa,0.7,FSCHeRa,FSCHeRa,0.7,FSCHeRa,ecf,50,64MB,97.6618,42828.0,24004.0
FSCHeRa,0.7,FSCHeRa,FSCHeRa,0.7,FSCHeRa,ecf,50,64MB,88.3607,35636.0,31184.0
FSCHeRa,0.7,FSCHeRa,FSCHeRa,0.7,FSCHeRa,ecf,50,64MB,102.869,40840.0,25992.0
FSCHeRa,0.7,FSCHeRa,FSCHeRa,0.7,FSCHeRa,ecf,50,64MB,101.613,39356.0,27472.0
FSCHeRa,0.7,FSCHeRa,FSCHeRa,0.7,FSCHeRa,ecf,50,64MB,104.310,40844.0,25984.0
FSCHeRa,0.7,FSCHeRa,FSCHeRa,0.7,FSCHeRa,ecf,50,64MB,103.176,40172.0,26684.0
FSCHeRa,0.7,FSCHeRa,FSCHeRa,0.7,FSCHeRa,ecf,50,64MB,87.5944,33804.0,33024.0
FSCHeRa,0.7,FSCHeRa,FSCHeRa,0.7,FSCHeRa,ecf,50,64MB,102.634,41108.0,25740.0
FSCHeRa,0.7,FSCHeRa,FSCHeRa,0.7,FSCHeRa,ecf,50,64MB,95.1171,38992.0,27836.0
FSCHeRa,0.7,FSCHeRa,FSCHeRa,0.7,FSCHeRa,ecf,50,64MB,109.279,39392.0,27460.0
FSCHeRa,0.7,FSCHeRa,FSCHeRa,0.7,FSCHeRa,ecf,50,64MB,105.461,40700.0,26140.0
FSCHeRa,0.7,FSCHeRa,FSCHeRa,0.7,FSCHeRa,peekaboo,50,64MB,50.4479,54964.0,11812.0
FSCHeRa,0.7,FSCHeRa,FSCHeRa,0.7,FSCHeRa,peekaboo,50,64MB,50.2446,55608.0,11164.0
FSCHeRa,0.7,FSCHeRa,FSCHeRa,0.7,FSCHeRa,peekaboo,50,64MB,52.5313,53372.0,13400.0
FSCHeRa,0.7,FSCHeRa,FSCHeRa,0.7,FSCHeRa,peekaboo,50,64MB,47.0044,52512.0,14260.0
FSCHeRa,0.7,FSCHeRa,FSCHeRa,0.7,FSCHeRa,peekaboo,50,64MB,47.1993,52708.0,14064.0
FSCHeRa,0.7,FSCHeRa,FSCHeRa,0.7,FSCHeRa,peekaboo,50,64MB,48.1433,53548.0,13224.0
FSCHeRa,0.7,FSCHeRa,FSCHeRa,0.7,FSCHeRa,peekaboo,50,64MB,41.4368,47944.0,18828.0
FSCHeRa,0.7,FSCHeRa,FSCHeRa,0.7,FSCHeRa,peekaboo,50,64MB,48.5616,51988.0,14784.0
FSCHeRa,0.7,FSCHeRa,FSCHeRa,0.7,FSCHeRa,peekaboo,50,64MB,48.8256,55288.0,11484.0
FSCHeRa,0.7,FSCHeRa,FSCHeRa,0.7,FSCHeRa,peekaboo,50,64MB,49.6235,53360.0,13416.0
FSCHeRa,0.7,FSCHeRa,FSCHeRa,0.7,FSCHeRa,peekaboo,50,64MB,47.9689,55168.0,11604.0
FSCHeRa,0.7,FSCHeRa,FSCHeRa,0.7,FSCHeRa,peekaboo,50,64MB,53.2178,53528.0,13252.0
FSCHeRa,0.7,FSCHeRa,FSCHeRa,0.7,FSCHeRa,peekaboo,50,64MB,47.7173,51044.0,15728.0
FSCHeRa,0.7,FSCHeRa,FSCHeRa,0.7,FSCHeRa,peekaboo,50,64MB,43.6412,53576.0,13200.0
FSCHeRa,0.7,FSCHeRa,FSCHeRa,0.7,FSCHeRa,peekaboo,50,64MB,45.4726,52584.0,14192.0
FSCHeRa,0.7,FSCHeRa,FSCHeRa,0.7,FSCHeRa,peekaboo,50,64MB,50.1784,53664.0,13112.0
FSCHeRa,0.7,FSCHeRa,FSCHeRa,0.7,FSCHeRa,peekaboo,50,64MB,48.8170,54752.0,12020.0
FSCHeRa,0.7,FSCHeRa,FSCHeRa,0.7,FSCHeRa,peekaboo,50,64MB,48.8801,53532.0,13244.0
FSCHeRa,0.7,FSCHeRa,FSCHeRa,0.7,FSCHeRa,peekaboo,50,64MB,45.7719,54436.0,12348.0
FSCHeRa,0.7,FSCHeRa,FSCHeRa,0.7,FSCHeRa,peekaboo,50,64MB,49.2049,54560.0,12212.0
FSCHeRa,0.7,FSCHeRa,FSCHeRa,0.7,FSCHeRa,peekaboo,50,64MB,43.9435,52864.0,13904.0
FSCHeRa,0.7,FSCHeRa,FSCHeRa,0.7,FSCHeRa,peekaboo,50,64MB,47.5626,53244.0,13524.0
FSCHeRa,0.7,FSCHeRa,FSCHeRa,0.7,FSCHeRa,peekaboo,50,64MB,50.1599,55188.0,11612.0
FSCHeRa,0.7,FSCHeRa,FSCHeRa,0.7,FSCHeRa,peekaboo,50,64MB,41.5163,52192.0,14580.0
FSCHeRa,0.7,FSCHeRa,FSCHeRa,0.7,FSCHeRa,peekaboo,50,64MB,46.6277,55392.0,11384.0
FSCHeRa,0.7,FSCHeRa,FSCHeRa,0.7,FSCHeRa,peekaboo,50,64MB,43.7663,53764.0,13008.0
FSCHeRa,0.7,FSCHeRa,FSCHeRa,0.7,FSCHeRa,peekaboo,50,64MB,50.0307,54388.0,12384.0
FSCHeRa,0.7,FSCHeRa,FSCHeRa,0.7,FSCHeRa,peekaboo,50,64MB,48.8944,55340.0,11432.0
FSCHeRa,0.7,FSCHeRa,FSCHeRa,0.7,FSCHeRa,peekaboo,50,64MB,49.5405,54716.0,12056.0
FSCHeRa,0.7,FSCHeRa,FSCHeRa,0.7,FSCHeRa,peekaboo,50,64MB,47.6883,55060.0,11712.0
FSCHeRa,0.7,FSCHeRa,FSCHeRa,0.7,FSCHeRa,peekaboo,50,64MB,45.7742,51384.0,15388.0
FSCHeRa,0.7,FSCHeRa,FSCHeRa,0.7,FSCHeRa,peekaboo,50,64MB,48.4759,53628.0,13144.0
FSCHeRa,0.7,FSCHeRa,FSCHeRa,0.7,FSCHeRa,peekaboo,50,64MB,51.5398,55172.0,11596.0
FSCHeRa,0.7,FSCHeRa,FSCHeRa,0.7,FSCHeRa,peekaboo,50,64MB,52.7376,54200.0,12572.0
FSCHeRa,0.7,FSCHeRa,FSCHeRa,0.7,FSCHeRa,peekaboo,50,64MB,51.3114,54912.0,11860.0
FSCHeRa,0.7,FSCHeRa,FSCHeRa,0.7,FSCHeRa,peekaboo,50,64MB,50.8756,55124.0,11648.0
FSCHeRa,0.7,FSCHeRa,FSCHeRa,0.7,FSCHeRa,peekaboo,50,64MB,47.3385,54640.0,12128.0
FSCHeRa,0.7,FSCHeRa,FSCHeRa,0.7,FSCHeRa,peekaboo,50,64MB,51.9130,54712.0,12060.0
FSCHeRa,0.7,FSCHeRa,FSCHeRa,0.7,FSCHeRa,peekaboo,50,64MB,44.2717,54452.0,12324.0
FSCHeRa,0.7,FSCHeRa,FSCHeRa,0.7,FSCHeRa,peekaboo,50,64MB,47.6594,51508.0,15268.0
FSCHeRa,0.7,FSCHeRa,FSCHeRa,0.7,FSCHeRa,peekaboo,50,64MB,45.7769,53580.0,13196.0
FSCHeRa,0.7,FSCHeRa,FSCHeRa,0.7,FSCHeRa,peekaboo,50,64MB,52.3721,54136.0,12636.0
FSCHeRa,0.7,FSCHeRa,FSCHeRa,0.7,FSCHeRa,peekaboo,50,64MB,50.3188,55572.0,11200.0
FSCHeRa,0.7,FSCHeRa,FSCHeRa,0.7,FSCHeRa,peekaboo,50,64MB,49.0159,51260.0,15512.0
FSCHeRa,0.7,FSCHeRa,FSCHeRa,0.7,FSCHeRa,peekaboo,50,64MB,46.5818,55120.0,11644.0
FSCHeRa,0.7,FSCHeRa,FSCHeRa,0.7,FSCHeRa,peekaboo,50,64MB,47.8251,53532.0,13244.0
FSCHeRa,0.7,FSCHeRa,FSCHeRa,0.7,FSCHeRa,peekaboo,50,64MB,44.2409,51760.0,15012.0
FSCHeRa,0.7,FSCHeRa,FSCHeRa,0.7,FSCHeRa,peekaboo,50,64MB,52.6680,54644.0,12136.0
FSCHeRa,0.7,FSCHeRa,FSCHeRa,0.7,FSCHeRa,peekaboo,50,64MB,49.4217,53184.0,13592.0
FSCHeRa,0.7,FSCHeRa,FSCHeRa,0.7,FSCHeRa,peekaboo,50,64MB,50.5140,54396.0,12376.0
FSCHeRa,0.7,FSCHeRa,FSCHeRa,0.7,FSCHeRa,blest,50,64MB,102.095,42004.0,24828.0
FSCHeRa,0.7,FSCHeRa,FSCHeRa,0.7,FSCHeRa,blest,50,64MB,103.547,40260.0,26572.0
FSCHeRa,0.7,FSCHeRa,FSCHeRa,0.7,FSCHeRa,blest,50,64MB,108.673,40500.0,26356.0
FSCHeRa,0.7,FSCHeRa,FSCHeRa,0.7,FSCHeRa,blest,50,64MB,103.329,40092.0,26740.0
FSCHeRa,0.7,FSCHeRa,FSCHeRa,0.7,FSCHeRa,blest,50,64MB,94.4361,38668.0,28184.0
FSCHeRa,0.7,FSCHeRa,FSCHeRa,0.7,FSCHeRa,blest,50,64MB,99.7913,42396.0,24432.0
FSCHeRa,0.7,FSCHeRa,FSCHeRa,0.7,FSCHeRa,blest,50,64MB,101.650,39588.0,27244.0
FSCHeRa,0.7,FSCHeRa,FSCHeRa,0.7,FSCHeRa,blest,50,64MB,100.492,40112.0,26716.0
FSCHeRa,0.7,FSCHeRa,FSCHeRa,0.7,FSCHeRa,blest,50,64MB,105.945,42428.0,24404.0
FSCHeRa,0.7,FSCHeRa,FSCHeRa,0.7,FSCHeRa,blest,50,64MB,95.7160,40880.0,25948.0
FSCHeRa,0.7,FSCHeRa,FSCHeRa,0.7,FSCHeRa,blest,50,64MB,106.205,41292.0,25552.0
FSCHeRa,0.7,FSCHeRa,FSCHeRa,0.7,FSCHeRa,blest,50,64MB,107.801,40920.0,25916.0
FSCHeRa,0.7,FSCHeRa,FSCHeRa,0.7,FSCHeRa,blest,50,64MB,101.250,41332.0,25528.0
FSCHeRa,0.7,FSCHeRa,FSCHeRa,0.7,FSCHeRa,blest,50,64MB,108.007,41452.0,25380.0
FSCHeRa,0.7,FSCHeRa,FSCHeRa,0.7,FSCHeRa,blest,50,64MB,85.6802,35632.0,31192.0
FSCHeRa,0.7,FSCHeRa,FSCHeRa,0.7,FSCHeRa,blest,50,64MB,96.9122,41616.0,25224.0
FSCHeRa,0.7,FSCHeRa,FSCHeRa,0.7,FSCHeRa,blest,50,64MB,87.8173,40072.0,26756.0
FSCHeRa,0.7,FSCHeRa,FSCHeRa,0.7,FSCHeRa,blest,50,64MB,101.066,41020.0,25832.0
FSCHeRa,0.7,FSCHeRa,FSCHeRa,0.7,FSCHeRa,blest,50,64MB,100.544,38848.0,27984.0
FSCHeRa,0.7,FSCHeRa,FSCHeRa,0.7,FSCHeRa,blest,50,64MB,102.235,40552.0,26280.0
FSCHeRa,0.7,FSCHeRa,FSCHeRa,0.7,FSCHeRa,blest,50,64MB,103.268,40148.0,26708.0
FSCHeRa,0.7,FSCHeRa,FSCHeRa,0.7,FSCHeRa,blest,50,64MB,97.7311,40736.0,26092.0
FSCHeRa,0.7,FSCHeRa,FSCHeRa,0.7,FSCHeRa,blest,50,64MB,97.7307,38124.0,28724.0
FSCHeRa,0.7,FSCHeRa,FSCHeRa,0.7,FSCHeRa,blest,50,64MB,107.654,40096.0,26736.0
FSCHeRa,0.7,FSCHeRa,FSCHeRa,0.7,FSCHeRa,blest,50,64MB,95.4470,39300.0,27524.0
FSCHeRa,0.7,FSCHeRa,FSCHeRa,0.7,FSCHeRa,blest,50,64MB,101.823,41656.0,25176.0
FSCHeRa,0.7,FSCHeRa,FSCHeRa,0.7,FSCHeRa,blest,50,64MB,93.7988,39784.0,27044.0
FSCHeRa,0.7,FSCHeRa,FSCHeRa,0.7,FSCHeRa,blest,50,64MB,98.7407,40916.0,25912.0
FSCHeRa,0.7,FSCHeRa,FSCHeRa,0.7,FSCHeRa,blest,50,64MB,100.116,39084.0,27748.0
FSCHeRa,0.7,FSCHeRa,FSCHeRa,0.7,FSCHeRa,blest,50,64MB,89.8571,38440.0,28388.0
FSCHeRa,0.7,FSCHeRa,FSCHeRa,0.7,FSCHeRa,blest,50,64MB,100.553,41644.0,25196.0
FSCHeRa,0.7,FSCHeRa,FSCHeRa,0.7,FSCHeRa,blest,50,64MB,97.3790,40260.0,26568.0
FSCHeRa,0.7,FSCHeRa,FSCHeRa,0.7,FSCHeRa,blest,50,64MB,102.206,41212.0,25620.0
FSCHeRa,0.7,FSCHeRa,FSCHeRa,0.7,FSCHeRa,blest,50,64MB,98.6803,41392.0,25436.0
FSCHeRa,0.7,FSCHeRa,FSCHeRa,0.7,FSCHeRa,blest,50,64MB,93.4041,43528.0,23300.0
FSCHeRa,0.7,FSCHeRa,FSCHeRa,0.7,FSCHeRa,blest,50,64MB,93.9726,41928.0,24900.0
FSCHeRa,0.7,FSCHeRa,FSCHeRa,0.7,FSCHeRa,blest,50,64MB,106.244,40988.0,25860.0
FSCHeRa,0.7,FSCHeRa,FSCHeRa,0.7,FSCHeRa,blest,50,64MB,100.999,40464.0,26368.0
FSCHeRa,0.7,FSCHeRa,FSCHeRa,0.7,FSCHeRa,blest,50,64MB,108.261,41112.0,25740.0
FSCHeRa,0.7,FSCHeRa,FSCHeRa,0.7,FSCHeRa,blest,50,64MB,103.457,40356.0,26476.0
FSCHeRa,0.7,FSCHeRa,FSCHeRa,0.7,FSCHeRa,blest,50,64MB,95.6552,42100.0,24728.0
FSCHeRa,0.7,FSCHeRa,FSCHeRa,0.7,FSCHeRa,blest,50,64MB,99.6545,40596.0,26256.0
FSCHeRa,0.7,FSCHeRa,FSCHeRa,0.7,FSCHeRa,blest,50,64MB,103.951,41632.0,25200.0
FSCHeRa,0.7,FSCHeRa,FSCHeRa,0.7,FSCHeRa,blest,50,64MB,90.9262,41640.0,25188.0
FSCHeRa,0.7,FSCHeRa,FSCHeRa,0.7,FSCHeRa,blest,50,64MB,93.9813,40948.0,25880.0
FSCHeRa,0.7,FSCHeRa,FSCHeRa,0.7,FSCHeRa,blest,50,64MB,102.277,43116.0,23712.0
FSCHeRa,0.7,FSCHeRa,FSCHeRa,0.7,FSCHeRa,blest,50,64MB,102.262,37828.0,29004.0
FSCHeRa,0.7,FSCHeRa,FSCHeRa,0.7,FSCHeRa,blest,50,64MB,110.146,41436.0,25416.0
FSCHeRa,0.7,FSCHeRa,FSCHeRa,0.7,FSCHeRa,blest,50,64MB,102.507,41000.0,25832.0
FSCHeRa,0.7,FSCHeRa,FSCHeRa,0.7,FSCHeRa,blest,50,64MB,102.115,38040.0,28788.0
FSCHeRa,0.9%,FSCHeRa,FSCHeRa,0.9%,FSCHeRa,dear,50,64MB,54.6513,53936.0,12848.0
FSCHeRa,0.9%,FSCHeRa,FSCHeRa,0.9%,FSCHeRa,dear,50,64MB,58.4741,54576.0,12200.0
FSCHeRa,0.9%,FSCHeRa,FSCHeRa,0.9%,FSCHeRa,dear,50,64MB,53.5800,54676.0,12104.0
FSCHeRa,0.9%,FSCHeRa,FSCHeRa,0.9%,FSCHeRa,dear,50,64MB,50.5808,52152.0,14616.0
FSCHeRa,0.9%,FSCHeRa,FSCHeRa,0.9%,FSCHeRa,dear,50,64MB,57.5460,55116.0,11656.0
FSCHeRa,0.9%,FSCHeRa,FSCHeRa,0.9%,FSCHeRa,dear,50,64MB,53.9252,53792.0,12988.0
FSCHeRa,0.9%,FSCHeRa,FSCHeRa,0.9%,FSCHeRa,dear,50,64MB,55.4897,54860.0,11924.0
FSCHeRa,0.9%,FSCHeRa,FSCHeRa,0.9%,FSCHeRa,dear,50,64MB,53.2630,55624.0,11156.0
FSCHeRa,0.9%,FSCHeRa,FSCHeRa,0.9%,FSCHeRa,dear,50,64MB,52.1349,53304.0,13476.0
FSCHeRa,0.9%,FSCHeRa,FSCHeRa,0.9%,FSCHeRa,dear,50,64MB,53.4132,51992.0,14780.0
FSCHeRa,0.9%,FSCHeRa,FSCHeRa,0.9%,FSCHeRa,dear,50,64MB,55.7667,53608.0,13172.0
FSCHeRa,0.9%,FSCHeRa,FSCHeRa,0.9%,FSCHeRa,dear,50,64MB,53.7268,49236.0,17544.0
FSCHeRa,0.9%,FSCHeRa,FSCHeRa,0.9%,FSCHeRa,dear,50,64MB,56.5919,54320.0,12456.0
FSCHeRa,0.9%,FSCHeRa,FSCHeRa,0.9%,FSCHeRa,dear,50,64MB,55.4697,53432.0,13340.0
FSCHeRa,0.9%,FSCHeRa,FSCHeRa,0.9%,FSCHeRa,dear,50,64MB,53.3883,53500.0,13272.0
FSCHeRa,0.9%,FSCHeRa,FSCHeRa,0.9%,FSCHeRa,dear,50,64MB,56.4843,53052.0,13724.0
FSCHeRa,0.9%,FSCHeRa,FSCHeRa,0.9%,FSCHeRa,dear,50,64MB,55.8198,53232.0,13552.0
FSCHeRa,0.9%,FSCHeRa,FSCHeRa,0.9%,FSCHeRa,dear,50,64MB,55.5115,53704.0,13056.0
FSCHeRa,0.9%,FSCHeRa,FSCHeRa,0.9%,FSCHeRa,dear,50,64MB,58.6453,54272.0,12508.0
FSCHeRa,0.9%,FSCHeRa,FSCHeRa,0.9%,FSCHeRa,dear,50,64MB,55.1212,53820.0,12952.0
FSCHeRa,0.9%,FSCHeRa,FSCHeRa,0.9%,FSCHeRa,dear,50,64MB,52.9818,52132.0,14648.0
FSCHeRa,0.9%,FSCHeRa,FSCHeRa,0.9%,FSCHeRa,dear,50,64MB,58.6052,54204.0,12572.0
FSCHeRa,0.9%,FSCHeRa,FSCHeRa,0.9%,FSCHeRa,dear,50,64MB,56.0415,54028.0,12744.0
FSCHeRa,0.9%,FSCHeRa,FSCHeRa,0.9%,FSCHeRa,dear,50,64MB,49.2884,50620.0,16148.0
FSCHeRa,0.9%,FSCHeRa,FSCHeRa,0.9%,FSCHeRa,dear,50,64MB,54.3404,47520.0,19268.0
FSCHeRa,0.9%,FSCHeRa,FSCHeRa,0.9%,FSCHeRa,dear,50,64MB,54.2892,55044.0,11728.0
FSCHeRa,0.9%,FSCHeRa,FSCHeRa,0.9%,FSCHeRa,dear,50,64MB,55.7060,52620.0,14160.0
FSCHeRa,0.9%,FSCHeRa,FSCHeRa,0.9%,FSCHeRa,dear,50,64MB,50.0033,48108.0,18664.0
FSCHeRa,0.9%,FSCHeRa,FSCHeRa,0.9%,FSCHeRa,dear,50,64MB,54.0731,53264.0,13512.0
FSCHeRa,0.9%,FSCHeRa,FSCHeRa,0.9%,FSCHeRa,dear,50,64MB,54.2064,53000.0,13772.0
FSCHeRa,0.9%,FSCHeRa,FSCHeRa,0.9%,FSCHeRa,dear,50,64MB,54.1302,53268.0,13512.0
FSCHeRa,0.9%,FSCHeRa,FSCHeRa,0.9%,FSCHeRa,dear,50,64MB,54.3034,54324.0,12448.0
FSCHeRa,0.9%,FSCHeRa,FSCHeRa,0.9%,FSCHeRa,dear,50,64MB,53.0332,47872.0,18908.0
FSCHeRa,0.9%,FSCHeRa,FSCHeRa,0.9%,FSCHeRa,dear,50,64MB,57.6206,53164.0,13620.0
FSCHeRa,0.9%,FSCHeRa,FSCHeRa,0.9%,FSCHeRa,dear,50,64MB,58.4509,55452.0,11324.0
FSCHeRa,0.9%,FSCHeRa,FSCHeRa,0.9%,FSCHeRa,dear,50,64MB,55.4751,54396.0,12380.0
FSCHeRa,0.9%,FSCHeRa,FSCHeRa,0.9%,FSCHeRa,dear,50,64MB,53.5852,51784.0,14992.0
FSCHeRa,0.9%,FSCHeRa,FSCHeRa,0.9%,FSCHeRa,dear,50,64MB,56.2386,54404.0,12372.0
FSCHeRa,0.9%,FSCHeRa,FSCHeRa,0.9%,FSCHeRa,dear,50,64MB,58.0134,53816.0,12956.0
FSCHeRa,0.9%,FSCHeRa,FSCHeRa,0.9%,FSCHeRa,dear,50,64MB,54.9084,52924.0,13848.0
FSCHeRa,0.9%,FSCHeRa,FSCHeRa,0.9%,FSCHeRa,dear,50,64MB,56.9696,55004.0,11768.0
FSCHeRa,0.9%,FSCHeRa,FSCHeRa,0.9%,FSCHeRa,dear,50,64MB,54.3043,55144.0,11624.0
FSCHeRa,0.9%,FSCHeRa,FSCHeRa,0.9%,FSCHeRa,dear,50,64MB,58.9323,54024.0,12752.0
FSCHeRa,0.9%,FSCHeRa,FSCHeRa,0.9%,FSCHeRa,dear,50,64MB,52.9407,54328.0,12452.0
FSCHeRa,0.9%,FSCHeRa,FSCHeRa,0.9%,FSCHeRa,dear,50,64MB,57.0668,51100.0,15680.0
FSCHeRa,0.9%,FSCHeRa,FSCHeRa,0.9%,FSCHeRa,dear,50,64MB,55.6776,54680.0,12088.0
FSCHeRa,0.9%,FSCHeRa,FSCHeRa,0.9%,FSCHeRa,dear,50,64MB,54.2239,54272.0,12500.0
FSCHeRa,0.9%,FSCHeRa,FSCHeRa,0.9%,FSCHeRa,dear,50,64MB,54.1269,53432.0,13348.0
FSCHeRa,0.9%,FSCHeRa,FSCHeRa,0.9%,FSCHeRa,dear,50,64MB,51.9414,52884.0,13904.0
FSCHeRa,0.9%,FSCHeRa,FSCHeRa,0.9%,FSCHeRa,dear,50,64MB,52.3329,49516.0,17264.0
FSCHeRa,0.9%,FSCHeRa,FSCHeRa,0.9%,FSCHeRa,pumar,50,64MB,50.6869,49908.0,16900.0
FSCHeRa,0.9%,FSCHeRa,FSCHeRa,0.9%,FSCHeRa,pumar,50,64MB,56.5175,54080.0,12708.0
FSCHeRa,0.9%,FSCHeRa,FSCHeRa,0.9%,FSCHeRa,pumar,50,64MB,55.7058,52832.0,13956.0
FSCHeRa,0.9%,FSCHeRa,FSCHeRa,0.9%,FSCHeRa,pumar,50,64MB,55.4232,55592.0,11192.0
FSCHeRa,0.9%,FSCHeRa,FSCHeRa,0.9%,FSCHeRa,pumar,50,64MB,52.5942,54720.0,12064.0
FSCHeRa,0.9%,FSCHeRa,FSCHeRa,0.9%,FSCHeRa,pumar,50,64MB,56.6504,54292.0,12492.0
FSCHeRa,0.9%,FSCHeRa,FSCHeRa,0.9%,FSCHeRa,pumar,50,64MB,53.6080,53484.0,13308.0
FSCHeRa,0.9%,FSCHeRa,FSCHeRa,0.9%,FSCHeRa,pumar,50,64MB,55.2435,54824.0,11960.0
FSCHeRa,0.9%,FSCHeRa,FSCHeRa,0.9%,FSCHeRa,pumar,50,64MB,51.1842,55596.0,11192.0
FSCHeRa,0.9%,FSCHeRa,FSCHeRa,0.9%,FSCHeRa,pumar,50,64MB,56.6842,54036.0,12752.0
FSCHeRa,0.9%,FSCHeRa,FSCHeRa,0.9%,FSCHeRa,pumar,50,64MB,56.4438,54932.0,11852.0
FSCHeRa,0.9%,FSCHeRa,FSCHeRa,0.9%,FSCHeRa,pumar,50,64MB,55.6625,54700.0,12100.0
FSCHeRa,0.9%,FSCHeRa,FSCHeRa,0.9%,FSCHeRa,pumar,50,64MB,55.8155,54132.0,12656.0
FSCHeRa,0.9%,FSCHeRa,FSCHeRa,0.9%,FSCHeRa,pumar,50,64MB,57.5356,54632.0,12160.0
FSCHeRa,0.9%,FSCHeRa,FSCHeRa,0.9%,FSCHeRa,pumar,50,64MB,54.5367,54488.0,12296.0
FSCHeRa,0.9%,FSCHeRa,FSCHeRa,0.9%,FSCHeRa,pumar,50,64MB,53.8700,52496.0,14288.0
FSCHeRa,0.9%,FSCHeRa,FSCHeRa,0.9%,FSCHeRa,pumar,50,64MB,50.0151,52212.0,14572.0
FSCHeRa,0.9%,FSCHeRa,FSCHeRa,0.9%,FSCHeRa,pumar,50,64MB,56.8078,53948.0,12836.0
FSCHeRa,0.9%,FSCHeRa,FSCHeRa,0.9%,FSCHeRa,pumar,50,64MB,54.7180,55092.0,11692.0
FSCHeRa,0.9%,FSCHeRa,FSCHeRa,0.9%,FSCHeRa,pumar,50,64MB,53.4688,54836.0,11948.0
FSCHeRa,0.9%,FSCHeRa,FSCHeRa,0.9%,FSCHeRa,pumar,50,64MB,56.8265,54896.0,11884.0
FSCHeRa,0.9%,FSCHeRa,FSCHeRa,0.9%,FSCHeRa,pumar,50,64MB,55.1512,53492.0,13292.0
FSCHeRa,0.9%,FSCHeRa,FSCHeRa,0.9%,FSCHeRa,pumar,50,64MB,53.5936,52296.0,14492.0
FSCHeRa,0.9%,FSCHeRa,FSCHeRa,0.9%,FSCHeRa,pumar,50,64MB,57.8753,54784.0,12004.0
FSCHeRa,0.9%,FSCHeRa,FSCHeRa,0.9%,FSCHeRa,pumar,50,64MB,56.3427,54096.0,12688.0
FSCHeRa,0.9%,FSCHeRa,FSCHeRa,0.9%,FSCHeRa,pumar,50,64MB,55.0711,50056.0,16744.0
FSCHeRa,0.9%,FSCHeRa,FSCHeRa,0.9%,FSCHeRa,pumar,50,64MB,55.9379,53592.0,13196.0
FSCHeRa,0.9%,FSCHeRa,FSCHeRa,0.9%,FSCHeRa,pumar,50,64MB,55.7145,54844.0,11944.0
FSCHeRa,0.9%,FSCHeRa,FSCHeRa,0.9%,FSCHeRa,pumar,50,64MB,54.4363,54004.0,12780.0
FSCHeRa,0.9%,FSCHeRa,FSCHeRa,0.9%,FSCHeRa,pumar,50,64MB,50.8645,52360.0,14428.0
FSCHeRa,0.9%,FSCHeRa,FSCHeRa,0.9%,FSCHeRa,pumar,50,64MB,53.7124,53632.0,13152.0
FSCHeRa,0.9%,FSCHeRa,FSCHeRa,0.9%,FSCHeRa,pumar,50,64MB,50.9427,50052.0,16732.0
FSCHeRa,0.9%,FSCHeRa,FSCHeRa,0.9%,FSCHeRa,pumar,50,64MB,57.3000,55636.0,11148.0
FSCHeRa,0.9%,FSCHeRa,FSCHeRa,0.9%,FSCHeRa,pumar,50,64MB,54.7420,54592.0,12196.0
FSCHeRa,0.9%,FSCHeRa,FSCHeRa,0.9%,FSCHeRa,pumar,50,64MB,55.8785,54608.0,12180.0
FSCHeRa,0.9%,FSCHeRa,FSCHeRa,0.9%,FSCHeRa,pumar,50,64MB,54.5649,53908.0,12880.0
FSCHeRa,0.9%,FSCHeRa,FSCHeRa,0.9%,FSCHeRa,pumar,50,64MB,56.0600,54744.0,12036.0
FSCHeRa,0.9%,FSCHeRa,FSCHeRa,0.9%,FSCHeRa,pumar,50,64MB,58.6553,55124.0,11660.0
FSCHeRa,0.9%,FSCHeRa,FSCHeRa,0.9%,FSCHeRa,pumar,50,64MB,57.2478,54896.0,11888.0
FSCHeRa,0.9%,FSCHeRa,FSCHeRa,0.9%,FSCHeRa,pumar,50,64MB,51.5831,55432.0,11348.0
FSCHeRa,0.9%,FSCHeRa,FSCHeRa,0.9%,FSCHeRa,pumar,50,64MB,57.7861,53436.0,13372.0
FSCHeRa,0.9%,FSCHeRa,FSCHeRa,0.9%,FSCHeRa,pumar,50,64MB,53.1808,52508.0,14280.0
FSCHeRa,0.9%,FSCHeRa,FSCHeRa,0.9%,FSCHeRa,pumar,50,64MB,53.1389,52248.0,14540.0
FSCHeRa,0.9%,FSCHeRa,FSCHeRa,0.9%,FSCHeRa,pumar,50,64MB,47.7572,49632.0,17156.0
FSCHeRa,0.9%,FSCHeRa,FSCHeRa,0.9%,FSCHeRa,pumar,50,64MB,52.4880,53044.0,13740.0
FSCHeRa,0.9%,FSCHeRa,FSCHeRa,0.9%,FSCHeRa,pumar,50,64MB,59.1963,54292.0,12492.0
FSCHeRa,0.9%,FSCHeRa,FSCHeRa,0.9%,FSCHeRa,pumar,50,64MB,53.2384,53516.0,13276.0
FSCHeRa,0.9%,FSCHeRa,FSCHeRa,0.9%,FSCHeRa,pumar,50,64MB,52.4908,54532.0,12252.0
FSCHeRa,0.9%,FSCHeRa,FSCHeRa,0.9%,FSCHeRa,pumar,50,64MB,56.1189,53952.0,12836.0
FSCHeRa,0.9%,FSCHeRa,FSCHeRa,0.9%,FSCHeRa,pumar,50,64MB,54.1808,55528.0,11256.0
FSCHeRa,0.9%,FSCHeRa,FSCHeRa,0.9%,FSCHeRa,dearmac2,50,64MB,57.3706,54360.0,12416.0
FSCHeRa,0.9%,FSCHeRa,FSCHeRa,0.9%,FSCHeRa,dearmac2,50,64MB,51.4305,52236.0,14540.0
FSCHeRa,0.9%,FSCHeRa,FSCHeRa,0.9%,FSCHeRa,dearmac2,50,64MB,57.2215,54384.0,12380.0
FSCHeRa,0.9%,FSCHeRa,FSCHeRa,0.9%,FSCHeRa,dearmac2,50,64MB,51.4120,51460.0,15324.0
FSCHeRa,0.9%,FSCHeRa,FSCHeRa,0.9%,FSCHeRa,dearmac2,50,64MB,55.0397,53264.0,13520.0
FSCHeRa,0.9%,FSCHeRa,FSCHeRa,0.9%,FSCHeRa,dearmac2,50,64MB,47.9364,55120.0,11684.0
FSCHeRa,0.9%,FSCHeRa,FSCHeRa,0.9%,FSCHeRa,dearmac2,50,64MB,56.6221,54408.0,12380.0
FSCHeRa,0.9%,FSCHeRa,FSCHeRa,0.9%,FSCHeRa,dearmac2,50,64MB,57.7522,54732.0,12036.0
FSCHeRa,0.9%,FSCHeRa,FSCHeRa,0.9%,FSCHeRa,dearmac2,50,64MB,55.2349,54456.0,12316.0
FSCHeRa,0.9%,FSCHeRa,FSCHeRa,0.9%,FSCHeRa,dearmac2,50,64MB,50.6437,48836.0,17944.0
FSCHeRa,0.9%,FSCHeRa,FSCHeRa,0.9%,FSCHeRa,dearmac2,50,64MB,51.5002,52536.0,14236.0
FSCHeRa,0.9%,FSCHeRa,FSCHeRa,0.9%,FSCHeRa,dearmac2,50,64MB,59.0451,54764.0,12024.0
FSCHeRa,0.9%,FSCHeRa,FSCHeRa,0.9%,FSCHeRa,dearmac2,50,64MB,53.5301,53032.0,13752.0
FSCHeRa,0.9%,FSCHeRa,FSCHeRa,0.9%,FSCHeRa,dearmac2,50,64MB,52.4232,51568.0,15200.0
FSCHeRa,0.9%,FSCHeRa,FSCHeRa,0.9%,FSCHeRa,dearmac2,50,64MB,55.5691,53496.0,13292.0
FSCHeRa,0.9%,FSCHeRa,FSCHeRa,0.9%,FSCHeRa,dearmac2,50,64MB,53.2578,52464.0,14308.0
FSCHeRa,0.9%,FSCHeRa,FSCHeRa,0.9%,FSCHeRa,dearmac2,50,64MB,53.6256,54916.0,11868.0
FSCHeRa,0.9%,FSCHeRa,FSCHeRa,0.9%,FSCHeRa,dearmac2,50,64MB,56.2412,53680.0,13100.0
FSCHeRa,0.9%,FSCHeRa,FSCHeRa,0.9%,FSCHeRa,dearmac2,50,64MB,54.7272,54236.0,12540.0
FSCHeRa,0.9%,FSCHeRa,FSCHeRa,0.9%,FSCHeRa,dearmac2,50,64MB,53.2567,55092.0,11680.0
FSCHeRa,0.9%,FSCHeRa,FSCHeRa,0.9%,FSCHeRa,dearmac2,50,64MB,54.1812,52076.0,14708.0
FSCHeRa,0.9%,FSCHeRa,FSCHeRa,0.9%,FSCHeRa,dearmac2,50,64MB,51.5081,51468.0,15316.0
FSCHeRa,0.9%,FSCHeRa,FSCHeRa,0.9%,FSCHeRa,dearmac2,50,64MB,55.2593,53596.0,13188.0
FSCHeRa,0.9%,FSCHeRa,FSCHeRa,0.9%,FSCHeRa,dearmac2,50,64MB,54.1878,53488.0,13284.0
FSCHeRa,0.9%,FSCHeRa,FSCHeRa,0.9%,FSCHeRa,dearmac2,50,64MB,57.1322,53056.0,13744.0
FSCHeRa,0.9%,FSCHeRa,FSCHeRa,0.9%,FSCHeRa,dearmac2,50,64MB,51.8945,54360.0,12412.0
FSCHeRa,0.9%,FSCHeRa,FSCHeRa,0.9%,FSCHeRa,dearmac2,50,64MB,58.6418,54440.0,12332.0
FSCHeRa,0.9%,FSCHeRa,FSCHeRa,0.9%,FSCHeRa,dearmac2,50,64MB,55.0941,54672.0,12116.0
FSCHeRa,0.9%,FSCHeRa,FSCHeRa,0.9%,FSCHeRa,dearmac2,50,64MB,51.0846,54328.0,12452.0
FSCHeRa,0.9%,FSCHeRa,FSCHeRa,0.9%,FSCHeRa,dearmac2,50,64MB,58.9396,54140.0,12648.0
FSCHeRa,0.9%,FSCHeRa,FSCHeRa,0.9%,FSCHeRa,dearmac2,50,64MB,51.7327,51556.0,15228.0
FSCHeRa,0.9%,FSCHeRa,FSCHeRa,0.9%,FSCHeRa,dearmac2,50,64MB,57.8847,53900.0,12872.0
FSCHeRa,0.9%,FSCHeRa,FSCHeRa,0.9%,FSCHeRa,dearmac2,50,64MB,48.6657,52312.0,14468.0
FSCHeRa,0.9%,FSCHeRa,FSCHeRa,0.9%,FSCHeRa,dearmac2,50,64MB,49.1857,47856.0,18936.0
FSCHeRa,0.9%,FSCHeRa,FSCHeRa,0.9%,FSCHeRa,dearmac2,50,64MB,54.7963,54288.0,12500.0
FSCHeRa,0.9%,FSCHeRa,FSCHeRa,0.9%,FSCHeRa,dearmac2,50,64MB,53.6352,54628.0,12160.0
FSCHeRa,0.9%,FSCHeRa,FSCHeRa,0.9%,FSCHeRa,dearmac2,50,64MB,56.3527,54824.0,11960.0
FSCHeRa,0.9%,FSCHeRa,FSCHeRa,0.9%,FSCHeRa,dearmac2,50,64MB,53.4034,53304.0,13476.0
FSCHeRa,0.9%,FSCHeRa,FSCHeRa,0.9%,FSCHeRa,dearmac2,50,64MB,54.7315,52224.0,14564.0
FSCHeRa,0.9%,FSCHeRa,FSCHeRa,0.9%,FSCHeRa,dearmac2,50,64MB,51.5074,54664.0,12120.0
FSCHeRa,0.9%,FSCHeRa,FSCHeRa,0.9%,FSCHeRa,dearmac2,50,64MB,55.4939,52624.0,14168.0
FSCHeRa,0.9%,FSCHeRa,FSCHeRa,0.9%,FSCHeRa,dearmac2,50,64MB,53.2115,55704.0,11068.0
FSCHeRa,0.9%,FSCHeRa,FSCHeRa,0.9%,FSCHeRa,dearmac2,50,64MB,54.5181,54348.0,12440.0
FSCHeRa,0.9%,FSCHeRa,FSCHeRa,0.9%,FSCHeRa,dearmac2,50,64MB,55.6259,54228.0,12540.0
FSCHeRa,0.9%,FSCHeRa,FSCHeRa,0.9%,FSCHeRa,dearmac2,50,64MB,56.7360,54776.0,11992.0
FSCHeRa,0.9%,FSCHeRa,FSCHeRa,0.9%,FSCHeRa,dearmac2,50,64MB,54.5497,53036.0,13760.0
FSCHeRa,0.9%,FSCHeRa,FSCHeRa,0.9%,FSCHeRa,dearmac2,50,64MB,58.4827,53512.0,13260.0
FSCHeRa,0.9%,FSCHeRa,FSCHeRa,0.9%,FSCHeRa,dearmac2,50,64MB,53.9682,50976.0,15800.0
FSCHeRa,0.9%,FSCHeRa,FSCHeRa,0.9%,FSCHeRa,dearmac2,50,64MB,55.2041,54664.0,12108.0
FSCHeRa,0.9%,FSCHeRa,FSCHeRa,0.9%,FSCHeRa,dearmac2,50,64MB,53.0410,52632.0,14144.0
FSCHeRa,0.9%,FSCHeRa,FSCHeRa,0.9%,FSCHeRa,dearmac3,50,64MB,58.4061,53312.0,13464.0
FSCHeRa,0.9%,FSCHeRa,FSCHeRa,0.9%,FSCHeRa,dearmac3,50,64MB,53.9221,54312.0,12472.0
FSCHeRa,0.9%,FSCHeRa,FSCHeRa,0.9%,FSCHeRa,dearmac3,50,64MB,56.8785,53164.0,13608.0
FSCHeRa,0.9%,FSCHeRa,FSCHeRa,0.9%,FSCHeRa,dearmac3,50,64MB,50.2444,48280.0,18496.0
FSCHeRa,0.9%,FSCHeRa,FSCHeRa,0.9%,FSCHeRa,dearmac3,50,64MB,55.9533,55016.0,11772.0
FSCHeRa,0.9%,FSCHeRa,FSCHeRa,0.9%,FSCHeRa,dearmac3,50,64MB,55.0550,54116.0,12656.0
FSCHeRa,0.9%,FSCHeRa,FSCHeRa,0.9%,FSCHeRa,dearmac3,50,64MB,46.4234,51276.0,15508.0
FSCHeRa,0.9%,FSCHeRa,FSCHeRa,0.9%,FSCHeRa,dearmac3,50,64MB,54.9681,54636.0,12148.0
FSCHeRa,0.9%,FSCHeRa,FSCHeRa,0.9%,FSCHeRa,dearmac3,50,64MB,47.0155,54236.0,12544.0
FSCHeRa,0.9%,FSCHeRa,FSCHeRa,0.9%,FSCHeRa,dearmac3,50,64MB,48.3436,52676.0,14104.0
FSCHeRa,0.9%,FSCHeRa,FSCHeRa,0.9%,FSCHeRa,dearmac3,50,64MB,57.0905,53828.0,12944.0
FSCHeRa,0.9%,FSCHeRa,FSCHeRa,0.9%,FSCHeRa,dearmac3,50,64MB,49.5638,55680.0,11108.0
FSCHeRa,0.9%,FSCHeRa,FSCHeRa,0.9%,FSCHeRa,dearmac3,50,64MB,53.0462,54444.0,12336.0
FSCHeRa,0.9%,FSCHeRa,FSCHeRa,0.9%,FSCHeRa,dearmac3,50,64MB,51.5114,53360.0,13412.0
FSCHeRa,0.9%,FSCHeRa,FSCHeRa,0.9%,FSCHeRa,dearmac3,50,64MB,57.0314,54524.0,12248.0
FSCHeRa,0.9%,FSCHeRa,FSCHeRa,0.9%,FSCHeRa,dearmac3,50,64MB,54.1766,53708.0,13068.0
FSCHeRa,0.9%,FSCHeRa,FSCHeRa,0.9%,FSCHeRa,dearmac3,50,64MB,53.0447,54656.0,12116.0
FSCHeRa,0.9%,FSCHeRa,FSCHeRa,0.9%,FSCHeRa,dearmac3,50,64MB,52.3311,51032.0,15724.0
FSCHeRa,0.9%,FSCHeRa,FSCHeRa,0.9%,FSCHeRa,dearmac3,50,64MB,52.5715,51940.0,14832.0
FSCHeRa,0.9%,FSCHeRa,FSCHeRa,0.9%,FSCHeRa,dearmac3,50,64MB,54.9400,53752.0,13052.0
FSCHeRa,0.9%,FSCHeRa,FSCHeRa,0.9%,FSCHeRa,dearmac3,50,64MB,54.0229,54928.0,11856.0
FSCHeRa,0.9%,FSCHeRa,FSCHeRa,0.9%,FSCHeRa,dearmac3,50,64MB,53.0358,53692.0,13088.0
FSCHeRa,0.9%,FSCHeRa,FSCHeRa,0.9%,FSCHeRa,dearmac3,50,64MB,57.6113,54552.0,12248.0
FSCHeRa,0.9%,FSCHeRa,FSCHeRa,0.9%,FSCHeRa,dearmac3,50,64MB,60.4090,54600.0,12184.0
FSCHeRa,0.9%,FSCHeRa,FSCHeRa,0.9%,FSCHeRa,dearmac3,50,64MB,58.3613,53684.0,13104.0
FSCHeRa,0.9%,FSCHeRa,FSCHeRa,0.9%,FSCHeRa,dearmac3,50,64MB,54.5073,54260.0,12524.0
FSCHeRa,0.9%,FSCHeRa,FSCHeRa,0.9%,FSCHeRa,dearmac3,50,64MB,53.5531,53368.0,13420.0
FSCHeRa,0.9%,FSCHeRa,FSCHeRa,0.9%,FSCHeRa,dearmac3,50,64MB,54.5285,54376.0,12400.0
FSCHeRa,0.9%,FSCHeRa,FSCHeRa,0.9%,FSCHeRa,dearmac3,50,64MB,56.1525,51300.0,15476.0
FSCHeRa,0.9%,FSCHeRa,FSCHeRa,0.9%,FSCHeRa,dearmac3,50,64MB,57.5852,54616.0,12168.0
FSCHeRa,0.9%,FSCHeRa,FSCHeRa,0.9%,FSCHeRa,dearmac3,50,64MB,59.0701,55200.0,11576.0
FSCHeRa,0.9%,FSCHeRa,FSCHeRa,0.9%,FSCHeRa,dearmac3,50,64MB,55.9661,52824.0,13968.0
FSCHeRa,0.9%,FSCHeRa,FSCHeRa,0.9%,FSCHeRa,dearmac3,50,64MB,48.3067,50800.0,15980.0
FSCHeRa,0.9%,FSCHeRa,FSCHeRa,0.9%,FSCHeRa,dearmac3,50,64MB,52.6464,55120.0,11664.0
FSCHeRa,0.9%,FSCHeRa,FSCHeRa,0.9%,FSCHeRa,dearmac3,50,64MB,53.6904,54612.0,12164.0
FSCHeRa,0.9%,FSCHeRa,FSCHeRa,0.9%,FSCHeRa,dearmac3,50,64MB,55.4340,54360.0,12412.0
FSCHeRa,0.9%,FSCHeRa,FSCHeRa,0.9%,FSCHeRa,dearmac3,50,64MB,58.6515,54428.0,12360.0
FSCHeRa,0.9%,FSCHeRa,FSCHeRa,0.9%,FSCHeRa,dearmac3,50,64MB,53.4201,54028.0,12752.0
FSCHeRa,0.9%,FSCHeRa,FSCHeRa,0.9%,FSCHeRa,dearmac3,50,64MB,54.8674,54648.0,12136.0
FSCHeRa,0.9%,FSCHeRa,FSCHeRa,0.9%,FSCHeRa,dearmac3,50,64MB,55.0295,54056.0,12728.0
FSCHeRa,0.9%,FSCHeRa,FSCHeRa,0.9%,FSCHeRa,dearmac3,50,64MB,57.9799,51556.0,15220.0
FSCHeRa,0.9%,FSCHeRa,FSCHeRa,0.9%,FSCHeRa,dearmac3,50,64MB,51.9584,50072.0,16712.0
FSCHeRa,0.9%,FSCHeRa,FSCHeRa,0.9%,FSCHeRa,dearmac3,50,64MB,51.1371,51628.0,15148.0
FSCHeRa,0.9%,FSCHeRa,FSCHeRa,0.9%,FSCHeRa,dearmac3,50,64MB,56.9636,54748.0,12052.0
FSCHeRa,0.9%,FSCHeRa,FSCHeRa,0.9%,FSCHeRa,dearmac3,50,64MB,55.3565,54536.0,12244.0
FSCHeRa,0.9%,FSCHeRa,FSCHeRa,0.9%,FSCHeRa,dearmac3,50,64MB,54.2683,54092.0,12696.0
FSCHeRa,0.9%,FSCHeRa,FSCHeRa,0.9%,FSCHeRa,dearmac3,50,64MB,49.5098,52500.0,14280.0
FSCHeRa,0.9%,FSCHeRa,FSCHeRa,0.9%,FSCHeRa,dearmac3,50,64MB,56.6409,55716.0,11072.0
FSCHeRa,0.9%,FSCHeRa,FSCHeRa,0.9%,FSCHeRa,dearmac3,50,64MB,53.2592,53892.0,12896.0
FSCHeRa,0.9%,FSCHeRa,FSCHeRa,0.9%,FSCHeRa,dearmac3,50,64MB,51.7061,52268.0,14512.0
FSCHeRa,0.9%,FSCHeRa,FSCHeRa,0.9%,FSCHeRa,round_robin,50,64MB,132.382,38936.0,27888.0
FSCHeRa,0.9%,FSCHeRa,FSCHeRa,0.9%,FSCHeRa,round_robin,50,64MB,134.036,40300.0,26536.0
FSCHeRa,0.9%,FSCHeRa,FSCHeRa,0.9%,FSCHeRa,round_robin,50,64MB,135.535,38956.0,27880.0
FSCHeRa,0.9%,FSCHeRa,FSCHeRa,0.9%,FSCHeRa,round_robin,50,64MB,138.848,39712.0,27116.0
FSCHeRa,0.9%,FSCHeRa,FSCHeRa,0.9%,FSCHeRa,round_robin,50,64MB,128.712,39336.0,27488.0
FSCHeRa,0.9%,FSCHeRa,FSCHeRa,0.9%,FSCHeRa,round_robin,50,64MB,131.673,39072.0,27768.0
FSCHeRa,0.9%,FSCHeRa,FSCHeRa,0.9%,FSCHeRa,round_robin,50,64MB,116.562,38608.0,28216.0
FSCHeRa,0.9%,FSCHeRa,FSCHeRa,0.9%,FSCHeRa,round_robin,50,64MB,139.231,40220.0,26620.0
FSCHeRa,0.9%,FSCHeRa,FSCHeRa,0.9%,FSCHeRa,round_robin,50,64MB,134.975,38968.0,27872.0
FSCHeRa,0.9%,FSCHeRa,FSCHeRa,0.9%,FSCHeRa,round_robin,50,64MB,135.059,39452.0,27384.0
FSCHeRa,0.9%,FSCHeRa,FSCHeRa,0.9%,FSCHeRa,round_robin,50,64MB,136.244,39756.0,27080.0
FSCHeRa,0.9%,FSCHeRa,FSCHeRa,0.9%,FSCHeRa,round_robin,50,64MB,134.725,39304.0,27536.0
FSCHeRa,0.9%,FSCHeRa,FSCHeRa,0.9%,FSCHeRa,round_robin,50,64MB,136.468,39180.0,27668.0
FSCHeRa,0.9%,FSCHeRa,FSCHeRa,0.9%,FSCHeRa,round_robin,50,64MB,135.434,39268.0,27576.0
FSCHeRa,0.9%,FSCHeRa,FSCHeRa,0.9%,FSCHeRa,round_robin,50,64MB,134.396,38456.0,28400.0
FSCHeRa,0.9%,FSCHeRa,FSCHeRa,0.9%,FSCHeRa,round_robin,50,64MB,138.000,39876.0,26940.0
FSCHeRa,0.9%,FSCHeRa,FSCHeRa,0.9%,FSCHeRa,round_robin,50,64MB,124.014,39696.0,27104.0
FSCHeRa,0.9%,FSCHeRa,FSCHeRa,0.9%,FSCHeRa,round_robin,50,64MB,128.570,37368.0,29484.0
FSCHeRa,0.9%,FSCHeRa,FSCHeRa,0.9%,FSCHeRa,round_robin,50,64MB,128.783,38872.0,27960.0
FSCHeRa,0.9%,FSCHeRa,FSCHeRa,0.9%,FSCHeRa,round_robin,50,64MB,131.251,39092.0,27744.0
FSCHeRa,0.9%,FSCHeRa,FSCHeRa,0.9%,FSCHeRa,round_robin,50,64MB,133.344,40096.0,26748.0
FSCHeRa,0.9%,FSCHeRa,FSCHeRa,0.9%,FSCHeRa,round_robin,50,64MB,137.602,39536.0,27292.0
FSCHeRa,0.9%,FSCHeRa,FSCHeRa,0.9%,FSCHeRa,round_robin,50,64MB,131.951,36932.0,29908.0
FSCHeRa,0.9%,FSCHeRa,FSCHeRa,0.9%,FSCHeRa,round_robin,50,64MB,131.767,38468.0,28364.0
FSCHeRa,0.9%,FSCHeRa,FSCHeRa,0.9%,FSCHeRa,round_robin,50,64MB,135.601,38892.0,27956.0
FSCHeRa,0.9%,FSCHeRa,FSCHeRa,0.9%,FSCHeRa,round_robin,50,64MB,124.904,38660.0,28152.0
FSCHeRa,0.9%,FSCHeRa,FSCHeRa,0.9%,FSCHeRa,round_robin,50,64MB,136.122,40120.0,26720.0
FSCHeRa,0.9%,FSCHeRa,FSCHeRa,0.9%,FSCHeRa,round_robin,50,64MB,135.040,39464.0,27368.0
FSCHeRa,0.9%,FSCHeRa,FSCHeRa,0.9%,FSCHeRa,round_robin,50,64MB,131.906,38696.0,28112.0
FSCHeRa,0.9%,FSCHeRa,FSCHeRa,0.9%,FSCHeRa,round_robin,50,64MB,136.198,39788.0,27048.0
FSCHeRa,0.9%,FSCHeRa,FSCHeRa,0.9%,FSCHeRa,round_robin,50,64MB,132.899,39448.0,27392.0
FSCHeRa,0.9%,FSCHeRa,FSCHeRa,0.9%,FSCHeRa,round_robin,50,64MB,129.763,37656.0,29160.0
FSCHeRa,0.9%,FSCHeRa,FSCHeRa,0.9%,FSCHeRa,round_robin,50,64MB,137.883,37676.0,29140.0
FSCHeRa,0.9%,FSCHeRa,FSCHeRa,0.9%,FSCHeRa,round_robin,50,64MB,134.252,38872.0,27964.0
FSCHeRa,0.9%,FSCHeRa,FSCHeRa,0.9%,FSCHeRa,round_robin,50,64MB,134.451,39508.0,27328.0
FSCHeRa,0.9%,FSCHeRa,FSCHeRa,0.9%,FSCHeRa,round_robin,50,64MB,136.922,39932.0,26920.0
FSCHeRa,0.9%,FSCHeRa,FSCHeRa,0.9%,FSCHeRa,round_robin,50,64MB,126.805,38276.0,28556.0
FSCHeRa,0.9%,FSCHeRa,FSCHeRa,0.9%,FSCHeRa,round_robin,50,64MB,113.884,35000.0,31816.0
FSCHeRa,0.9%,FSCHeRa,FSCHeRa,0.9%,FSCHeRa,round_robin,50,64MB,133.187,39736.0,27128.0
FSCHeRa,0.9%,FSCHeRa,FSCHeRa,0.9%,FSCHeRa,round_robin,50,64MB,131.184,37816.0,29016.0
FSCHeRa,0.9%,FSCHeRa,FSCHeRa,0.9%,FSCHeRa,round_robin,50,64MB,131.184,0.0,0.0
FSCHeRa,0.9%,FSCHeRa,FSCHeRa,0.9%,FSCHeRa,round_robin,50,64MB,123.394,35164.0,31672.0
FSCHeRa,0.9%,FSCHeRa,FSCHeRa,0.9%,FSCHeRa,round_robin,50,64MB,126.836,38264.0,28572.0
FSCHeRa,0.9%,FSCHeRa,FSCHeRa,0.9%,FSCHeRa,round_robin,50,64MB,115.752,38044.0,28772.0
FSCHeRa,0.9%,FSCHeRa,FSCHeRa,0.9%,FSCHeRa,round_robin,50,64MB,133.369,40268.0,26572.0
FSCHeRa,0.9%,FSCHeRa,FSCHeRa,0.9%,FSCHeRa,round_robin,50,64MB,128.469,38764.0,28064.0
FSCHeRa,0.9%,FSCHeRa,FSCHeRa,0.9%,FSCHeRa,round_robin,50,64MB,118.117,38060.0,28764.0
FSCHeRa,0.9%,FSCHeRa,FSCHeRa,0.9%,FSCHeRa,round_robin,50,64MB,126.221,38136.0,28700.0
FSCHeRa,0.9%,FSCHeRa,FSCHeRa,0.9%,FSCHeRa,round_robin,50,64MB,129.107,39672.0,27164.0
FSCHeRa,0.9%,FSCHeRa,FSCHeRa,0.9%,FSCHeRa,round_robin,50,64MB,132.644,40244.0,26584.0
FSCHeRa,0.9%,FSCHeRa,FSCHeRa,0.9%,FSCHeRa,low_latency,50,64MB,109.480,40660.0,26172.0
FSCHeRa,0.9%,FSCHeRa,FSCHeRa,0.9%,FSCHeRa,low_latency,50,64MB,110.162,38752.0,28084.0
FSCHeRa,0.9%,FSCHeRa,FSCHeRa,0.9%,FSCHeRa,low_latency,50,64MB,128.563,40600.0,26244.0
FSCHeRa,0.9%,FSCHeRa,FSCHeRa,0.9%,FSCHeRa,low_latency,50,64MB,126.828,41652.0,25188.0
FSCHeRa,0.9%,FSCHeRa,FSCHeRa,0.9%,FSCHeRa,low_latency,50,64MB,117.526,40156.0,26684.0
FSCHeRa,0.9%,FSCHeRa,FSCHeRa,0.9%,FSCHeRa,low_latency,50,64MB,119.592,41608.0,25232.0
FSCHeRa,0.9%,FSCHeRa,FSCHeRa,0.9%,FSCHeRa,low_latency,50,64MB,125.552,39740.0,27104.0
FSCHeRa,0.9%,FSCHeRa,FSCHeRa,0.9%,FSCHeRa,low_latency,50,64MB,123.177,41240.0,25612.0
FSCHeRa,0.9%,FSCHeRa,FSCHeRa,0.9%,FSCHeRa,low_latency,50,64MB,106.476,39328.0,27528.0
FSCHeRa,0.9%,FSCHeRa,FSCHeRa,0.9%,FSCHeRa,low_latency,50,64MB,117.177,40752.0,26088.0
FSCHeRa,0.9%,FSCHeRa,FSCHeRa,0.9%,FSCHeRa,low_latency,50,64MB,111.877,40188.0,26668.0
FSCHeRa,0.9%,FSCHeRa,FSCHeRa,0.9%,FSCHeRa,low_latency,50,64MB,119.379,39984.0,26868.0
FSCHeRa,0.9%,FSCHeRa,FSCHeRa,0.9%,FSCHeRa,low_latency,50,64MB,110.983,39044.0,27792.0
FSCHeRa,0.9%,FSCHeRa,FSCHeRa,0.9%,FSCHeRa,low_latency,50,64MB,124.820,40556.0,26288.0
FSCHeRa,0.9%,FSCHeRa,FSCHeRa,0.9%,FSCHeRa,low_latency,50,64MB,121.595,40928.0,25916.0
FSCHeRa,0.9%,FSCHeRa,FSCHeRa,0.9%,FSCHeRa,low_latency,50,64MB,115.885,41124.0,25724.0
FSCHeRa,0.9%,FSCHeRa,FSCHeRa,0.9%,FSCHeRa,low_latency,50,64MB,113.792,40216.0,26620.0
FSCHeRa,0.9%,FSCHeRa,FSCHeRa,0.9%,FSCHeRa,low_latency,50,64MB,118.216,38412.0,28428.0
FSCHeRa,0.9%,FSCHeRa,FSCHeRa,0.9%,FSCHeRa,low_latency,50,64MB,123.885,40472.0,26372.0
FSCHeRa,0.9%,FSCHeRa,FSCHeRa,0.9%,FSCHeRa,low_latency,50,64MB,118.820,39152.0,27688.0
FSCHeRa,0.9%,FSCHeRa,FSCHeRa,0.9%,FSCHeRa,low_latency,50,64MB,106.830,36384.0,30452.0
FSCHeRa,0.9%,FSCHeRa,FSCHeRa,0.9%,FSCHeRa,low_latency,50,64MB,122.126,40400.0,26452.0
FSCHeRa,0.9%,FSCHeRa,FSCHeRa,0.9%,FSCHeRa,low_latency,50,64MB,121.256,40780.0,26060.0
FSCHeRa,0.9%,FSCHeRa,FSCHeRa,0.9%,FSCHeRa,low_latency,50,64MB,106.679,43856.0,22980.0
FSCHeRa,0.9%,FSCHeRa,FSCHeRa,0.9%,FSCHeRa,low_latency,50,64MB,116.980,41180.0,25660.0
FSCHeRa,0.9%,FSCHeRa,FSCHeRa,0.9%,FSCHeRa,low_latency,50,64MB,116.823,41648.0,25204.0
FSCHeRa,0.9%,FSCHeRa,FSCHeRa,0.9%,FSCHeRa,low_latency,50,64MB,120.736,40980.0,25864.0
FSCHeRa,0.9%,FSCHeRa,FSCHeRa,0.9%,FSCHeRa,low_latency,50,64MB,123.674,40608.0,26268.0
FSCHeRa,0.9%,FSCHeRa,FSCHeRa,0.9%,FSCHeRa,low_latency,50,64MB,118.322,40632.0,26208.0
FSCHeRa,0.9%,FSCHeRa,FSCHeRa,0.9%,FSCHeRa,low_latency,50,64MB,117.818,39416.0,27420.0
FSCHeRa,0.9%,FSCHeRa,FSCHeRa,0.9%,FSCHeRa,low_latency,50,64MB,123.605,39980.0,26864.0
FSCHeRa,0.9%,FSCHeRa,FSCHeRa,0.9%,FSCHeRa,low_latency,50,64MB,120.115,40504.0,26332.0
FSCHeRa,0.9%,FSCHeRa,FSCHeRa,0.9%,FSCHeRa,low_latency,50,64MB,124.044,41144.0,25696.0
FSCHeRa,0.9%,FSCHeRa,FSCHeRa,0.9%,FSCHeRa,low_latency,50,64MB,118.249,40876.0,25964.0
FSCHeRa,0.9%,FSCHeRa,FSCHeRa,0.9%,FSCHeRa,low_latency,50,64MB,120.436,40396.0,26444.0
FSCHeRa,0.9%,FSCHeRa,FSCHeRa,0.9%,FSCHeRa,low_latency,50,64MB,107.262,42172.0,24660.0
FSCHeRa,0.9%,FSCHeRa,FSCHeRa,0.9%,FSCHeRa,low_latency,50,64MB,115.236,42036.0,24804.0
FSCHeRa,0.9%,FSCHeRa,FSCHeRa,0.9%,FSCHeRa,low_latency,50,64MB,101.140,34468.0,32364.0
FSCHeRa,0.9%,FSCHeRa,FSCHeRa,0.9%,FSCHeRa,low_latency,50,64MB,111.975,39576.0,27260.0
FSCHeRa,0.9%,FSCHeRa,FSCHeRa,0.9%,FSCHeRa,low_latency,50,64MB,121.464,40848.0,26004.0
FSCHeRa,0.9%,FSCHeRa,FSCHeRa,0.9%,FSCHeRa,low_latency,50,64MB,123.206,40956.0,25904.0
FSCHeRa,0.9%,FSCHeRa,FSCHeRa,0.9%,FSCHeRa,low_latency,50,64MB,124.046,41576.0,25280.0
FSCHeRa,0.9%,FSCHeRa,FSCHeRa,0.9%,FSCHeRa,low_latency,50,64MB,114.529,38444.0,28396.0
FSCHeRa,0.9%,FSCHeRa,FSCHeRa,0.9%,FSCHeRa,low_latency,50,64MB,120.423,43476.0,23364.0
FSCHeRa,0.9%,FSCHeRa,FSCHeRa,0.9%,FSCHeRa,low_latency,50,64MB,129.587,41076.0,25784.0
FSCHeRa,0.9%,FSCHeRa,FSCHeRa,0.9%,FSCHeRa,low_latency,50,64MB,123.253,41780.0,25088.0
FSCHeRa,0.9%,FSCHeRa,FSCHeRa,0.9%,FSCHeRa,low_latency,50,64MB,111.325,40260.0,26580.0
FSCHeRa,0.9%,FSCHeRa,FSCHeRa,0.9%,FSCHeRa,low_latency,50,64MB,122.498,41484.0,25364.0
FSCHeRa,0.9%,FSCHeRa,FSCHeRa,0.9%,FSCHeRa,low_latency,50,64MB,122.645,41204.0,25636.0
FSCHeRa,0.9%,FSCHeRa,FSCHeRa,0.9%,FSCHeRa,low_latency,50,64MB,116.897,38532.0,28308.0
FSCHeRa,0.9%,FSCHeRa,FSCHeRa,0.9%,FSCHeRa,ecf,50,64MB,119.819,40672.0,26192.0
FSCHeRa,0.9%,FSCHeRa,FSCHeRa,0.9%,FSCHeRa,ecf,50,64MB,111.026,39872.0,26980.0
FSCHeRa,0.9%,FSCHeRa,FSCHeRa,0.9%,FSCHeRa,ecf,50,64MB,119.482,41324.0,25516.0
FSCHeRa,0.9%,FSCHeRa,FSCHeRa,0.9%,FSCHeRa,ecf,50,64MB,121.172,39448.0,27440.0
FSCHeRa,0.9%,FSCHeRa,FSCHeRa,0.9%,FSCHeRa,ecf,50,64MB,117.416,42868.0,23988.0
FSCHeRa,0.9%,FSCHeRa,FSCHeRa,0.9%,FSCHeRa,ecf,50,64MB,114.960,40952.0,25888.0
FSCHeRa,0.9%,FSCHeRa,FSCHeRa,0.9%,FSCHeRa,ecf,50,64MB,119.748,41684.0,25156.0
FSCHeRa,0.9%,FSCHeRa,FSCHeRa,0.9%,FSCHeRa,ecf,50,64MB,109.154,35300.0,31536.0
FSCHeRa,0.9%,FSCHeRa,FSCHeRa,0.9%,FSCHeRa,ecf,50,64MB,115.243,42336.0,24504.0
FSCHeRa,0.9%,FSCHeRa,FSCHeRa,0.9%,FSCHeRa,ecf,50,64MB,107.797,41404.0,25428.0
FSCHeRa,0.9%,FSCHeRa,FSCHeRa,0.9%,FSCHeRa,ecf,50,64MB,111.788,42576.0,24260.0
FSCHeRa,0.9%,FSCHeRa,FSCHeRa,0.9%,FSCHeRa,ecf,50,64MB,111.252,39944.0,26892.0
FSCHeRa,0.9%,FSCHeRa,FSCHeRa,0.9%,FSCHeRa,ecf,50,64MB,127.517,41372.0,25472.0
FSCHeRa,0.9%,FSCHeRa,FSCHeRa,0.9%,FSCHeRa,ecf,50,64MB,115.226,39260.0,27596.0
FSCHeRa,0.9%,FSCHeRa,FSCHeRa,0.9%,FSCHeRa,ecf,50,64MB,112.137,41308.0,25556.0
FSCHeRa,0.9%,FSCHeRa,FSCHeRa,0.9%,FSCHeRa,ecf,50,64MB,117.591,43120.0,23720.0
FSCHeRa,0.9%,FSCHeRa,FSCHeRa,0.9%,FSCHeRa,ecf,50,64MB,111.071,41044.0,25796.0
FSCHeRa,0.9%,FSCHeRa,FSCHeRa,0.9%,FSCHeRa,ecf,50,64MB,117.793,40680.0,26160.0
FSCHeRa,0.9%,FSCHeRa,FSCHeRa,0.9%,FSCHeRa,ecf,50,64MB,112.555,40916.0,25948.0
FSCHeRa,0.9%,FSCHeRa,FSCHeRa,0.9%,FSCHeRa,ecf,50,64MB,116.824,40068.0,26780.0
FSCHeRa,0.9%,FSCHeRa,FSCHeRa,0.9%,FSCHeRa,ecf,50,64MB,113.347,39628.0,27208.0
FSCHeRa,0.9%,FSCHeRa,FSCHeRa,0.9%,FSCHeRa,ecf,50,64MB,116.811,40940.0,25900.0
FSCHeRa,0.9%,FSCHeRa,FSCHeRa,0.9%,FSCHeRa,ecf,50,64MB,128.141,41324.0,25520.0
FSCHeRa,0.9%,FSCHeRa,FSCHeRa,0.9%,FSCHeRa,ecf,50,64MB,126.096,41624.0,25228.0
FSCHeRa,0.9%,FSCHeRa,FSCHeRa,0.9%,FSCHeRa,ecf,50,64MB,124.396,41160.0,25684.0
FSCHeRa,0.9%,FSCHeRa,FSCHeRa,0.9%,FSCHeRa,ecf,50,64MB,116.549,39264.0,27572.0
FSCHeRa,0.9%,FSCHeRa,FSCHeRa,0.9%,FSCHeRa,ecf,50,64MB,112.339,38792.0,28044.0
FSCHeRa,0.9%,FSCHeRa,FSCHeRa,0.9%,FSCHeRa,ecf,50,64MB,114.469,40688.0,26168.0
FSCHeRa,0.9%,FSCHeRa,FSCHeRa,0.9%,FSCHeRa,ecf,50,64MB,120.658,40972.0,25872.0
FSCHeRa,0.9%,FSCHeRa,FSCHeRa,0.9%,FSCHeRa,ecf,50,64MB,124.196,40760.0,26096.0
FSCHeRa,0.9%,FSCHeRa,FSCHeRa,0.9%,FSCHeRa,ecf,50,64MB,123.275,40812.0,26048.0
FSCHeRa,0.9%,FSCHeRa,FSCHeRa,0.9%,FSCHeRa,ecf,50,64MB,124.185,40684.0,26172.0
FSCHeRa,0.9%,FSCHeRa,FSCHeRa,0.9%,FSCHeRa,ecf,50,64MB,119.733,41048.0,25792.0
FSCHeRa,0.9%,FSCHeRa,FSCHeRa,0.9%,FSCHeRa,ecf,50,64MB,110.138,38428.0,28408.0
FSCHeRa,0.9%,FSCHeRa,FSCHeRa,0.9%,FSCHeRa,ecf,50,64MB,106.673,38136.0,28696.0
FSCHeRa,0.9%,FSCHeRa,FSCHeRa,0.9%,FSCHeRa,ecf,50,64MB,117.037,39124.0,27728.0
FSCHeRa,0.9%,FSCHeRa,FSCHeRa,0.9%,FSCHeRa,ecf,50,64MB,119.455,40796.0,26072.0
FSCHeRa,0.9%,FSCHeRa,FSCHeRa,0.9%,FSCHeRa,ecf,50,64MB,107.550,36828.0,30008.0
FSCHeRa,0.9%,FSCHeRa,FSCHeRa,0.9%,FSCHeRa,ecf,50,64MB,121.207,40588.0,26252.0
FSCHeRa,0.9%,FSCHeRa,FSCHeRa,0.9%,FSCHeRa,ecf,50,64MB,117.931,39768.0,27072.0
FSCHeRa,0.9%,FSCHeRa,FSCHeRa,0.9%,FSCHeRa,ecf,50,64MB,121.759,41188.0,25656.0
FSCHeRa,0.9%,FSCHeRa,FSCHeRa,0.9%,FSCHeRa,ecf,50,64MB,114.135,39060.0,27780.0
FSCHeRa,0.9%,FSCHeRa,FSCHeRa,0.9%,FSCHeRa,ecf,50,64MB,114.776,42252.0,24600.0
FSCHeRa,0.9%,FSCHeRa,FSCHeRa,0.9%,FSCHeRa,ecf,50,64MB,118.654,40500.0,26340.0
FSCHeRa,0.9%,FSCHeRa,FSCHeRa,0.9%,FSCHeRa,ecf,50,64MB,106.913,42404.0,24428.0
FSCHeRa,0.9%,FSCHeRa,FSCHeRa,0.9%,FSCHeRa,ecf,50,64MB,113.041,40900.0,25940.0
FSCHeRa,0.9%,FSCHeRa,FSCHeRa,0.9%,FSCHeRa,ecf,50,64MB,110.098,37468.0,29368.0
FSCHeRa,0.9%,FSCHeRa,FSCHeRa,0.9%,FSCHeRa,ecf,50,64MB,120.046,41476.0,25368.0
FSCHeRa,0.9%,FSCHeRa,FSCHeRa,0.9%,FSCHeRa,ecf,50,64MB,127.025,40460.0,26392.0
FSCHeRa,0.9%,FSCHeRa,FSCHeRa,0.9%,FSCHeRa,ecf,50,64MB,111.874,43004.0,23832.0
FSCHeRa,0.9%,FSCHeRa,FSCHeRa,0.9%,FSCHeRa,peekaboo,50,64MB,56.7315,50292.0,16492.0
FSCHeRa,0.9%,FSCHeRa,FSCHeRa,0.9%,FSCHeRa,peekaboo,50,64MB,57.8098,55832.0,10944.0
FSCHeRa,0.9%,FSCHeRa,FSCHeRa,0.9%,FSCHeRa,peekaboo,50,64MB,55.5068,52772.0,14012.0
FSCHeRa,0.9%,FSCHeRa,FSCHeRa,0.9%,FSCHeRa,peekaboo,50,64MB,62.1088,55000.0,11784.0
FSCHeRa,0.9%,FSCHeRa,FSCHeRa,0.9%,FSCHeRa,peekaboo,50,64MB,61.4017,54944.0,11840.0
FSCHeRa,0.9%,FSCHeRa,FSCHeRa,0.9%,FSCHeRa,peekaboo,50,64MB,62.3136,55596.0,11184.0
FSCHeRa,0.9%,FSCHeRa,FSCHeRa,0.9%,FSCHeRa,peekaboo,50,64MB,53.3013,54972.0,11804.0
FSCHeRa,0.9%,FSCHeRa,FSCHeRa,0.9%,FSCHeRa,peekaboo,50,64MB,58.3770,53812.0,12972.0
FSCHeRa,0.9%,FSCHeRa,FSCHeRa,0.9%,FSCHeRa,peekaboo,50,64MB,58.3650,55920.0,10856.0
FSCHeRa,0.9%,FSCHeRa,FSCHeRa,0.9%,FSCHeRa,peekaboo,50,64MB,58.3707,53276.0,13504.0
FSCHeRa,0.9%,FSCHeRa,FSCHeRa,0.9%,FSCHeRa,peekaboo,50,64MB,59.2355,53768.0,13020.0
FSCHeRa,0.9%,FSCHeRa,FSCHeRa,0.9%,FSCHeRa,peekaboo,50,64MB,55.2955,52736.0,14044.0
FSCHeRa,0.9%,FSCHeRa,FSCHeRa,0.9%,FSCHeRa,peekaboo,50,64MB,60.0432,54472.0,12312.0
FSCHeRa,0.9%,FSCHeRa,FSCHeRa,0.9%,FSCHeRa,peekaboo,50,64MB,57.0748,55048.0,11728.0
FSCHeRa,0.9%,FSCHeRa,FSCHeRa,0.9%,FSCHeRa,peekaboo,50,64MB,55.8447,52028.0,14752.0
FSCHeRa,0.9%,FSCHeRa,FSCHeRa,0.9%,FSCHeRa,peekaboo,50,64MB,62.2313,55052.0,11732.0
FSCHeRa,0.9%,FSCHeRa,FSCHeRa,0.9%,FSCHeRa,peekaboo,50,64MB,59.7625,54968.0,11808.0
FSCHeRa,0.9%,FSCHeRa,FSCHeRa,0.9%,FSCHeRa,peekaboo,50,64MB,56.3954,53532.0,13248.0
FSCHeRa,0.9%,FSCHeRa,FSCHeRa,0.9%,FSCHeRa,peekaboo,50,64MB,54.9105,55728.0,11048.0
FSCHeRa,0.9%,FSCHeRa,FSCHeRa,0.9%,FSCHeRa,peekaboo,50,64MB,57.1170,54240.0,12540.0
FSCHeRa,0.9%,FSCHeRa,FSCHeRa,0.9%,FSCHeRa,peekaboo,50,64MB,55.3787,51200.0,15580.0
FSCHeRa,0.9%,FSCHeRa,FSCHeRa,0.9%,FSCHeRa,peekaboo,50,64MB,50.8519,55352.0,11420.0
FSCHeRa,0.9%,FSCHeRa,FSCHeRa,0.9%,FSCHeRa,peekaboo,50,64MB,58.3542,54836.0,11944.0
FSCHeRa,0.9%,FSCHeRa,FSCHeRa,0.9%,FSCHeRa,peekaboo,50,64MB,61.1620,55636.0,11144.0
FSCHeRa,0.9%,FSCHeRa,FSCHeRa,0.9%,FSCHeRa,peekaboo,50,64MB,55.1826,54368.0,12404.0
FSCHeRa,0.9%,FSCHeRa,FSCHeRa,0.9%,FSCHeRa,peekaboo,50,64MB,55.7715,55136.0,11644.0
FSCHeRa,0.9%,FSCHeRa,FSCHeRa,0.9%,FSCHeRa,peekaboo,50,64MB,60.7469,55568.0,11212.0
FSCHeRa,0.9%,FSCHeRa,FSCHeRa,0.9%,FSCHeRa,peekaboo,50,64MB,55.2491,56236.0,10548.0
FSCHeRa,0.9%,FSCHeRa,FSCHeRa,0.9%,FSCHeRa,peekaboo,50,64MB,54.7587,54444.0,12332.0
FSCHeRa,0.9%,FSCHeRa,FSCHeRa,0.9%,FSCHeRa,peekaboo,50,64MB,62.5967,54444.0,12340.0
FSCHeRa,0.9%,FSCHeRa,FSCHeRa,0.9%,FSCHeRa,peekaboo,50,64MB,59.6830,54304.0,12480.0
FSCHeRa,0.9%,FSCHeRa,FSCHeRa,0.9%,FSCHeRa,peekaboo,50,64MB,53.9777,53940.0,12848.0
FSCHeRa,0.9%,FSCHeRa,FSCHeRa,0.9%,FSCHeRa,peekaboo,50,64MB,53.1420,53732.0,13044.0
FSCHeRa,0.9%,FSCHeRa,FSCHeRa,0.9%,FSCHeRa,peekaboo,50,64MB,56.4361,54180.0,12604.0
FSCHeRa,0.9%,FSCHeRa,FSCHeRa,0.9%,FSCHeRa,peekaboo,50,64MB,61.5418,55012.0,11764.0
FSCHeRa,0.9%,FSCHeRa,FSCHeRa,0.9%,FSCHeRa,peekaboo,50,64MB,58.1941,52460.0,14324.0
FSCHeRa,0.9%,FSCHeRa,FSCHeRa,0.9%,FSCHeRa,peekaboo,50,64MB,56.9878,52972.0,13808.0
FSCHeRa,0.9%,FSCHeRa,FSCHeRa,0.9%,FSCHeRa,peekaboo,50,64MB,52.9467,53448.0,13328.0
FSCHeRa,0.9%,FSCHeRa,FSCHeRa,0.9%,FSCHeRa,peekaboo,50,64MB,56.2736,55412.0,11368.0
FSCHeRa,0.9%,FSCHeRa,FSCHeRa,0.9%,FSCHeRa,peekaboo,50,64MB,57.0891,55148.0,11628.0
FSCHeRa,0.9%,FSCHeRa,FSCHeRa,0.9%,FSCHeRa,peekaboo,50,64MB,57.9566,53344.0,13440.0
FSCHeRa,0.9%,FSCHeRa,FSCHeRa,0.9%,FSCHeRa,peekaboo,50,64MB,52.5056,55584.0,11188.0
FSCHeRa,0.9%,FSCHeRa,FSCHeRa,0.9%,FSCHeRa,peekaboo,50,64MB,55.3734,51620.0,15160.0
FSCHeRa,0.9%,FSCHeRa,FSCHeRa,0.9%,FSCHeRa,peekaboo,50,64MB,54.8334,53628.0,13152.0
FSCHeRa,0.9%,FSCHeRa,FSCHeRa,0.9%,FSCHeRa,peekaboo,50,64MB,57.6464,54464.0,12312.0
FSCHeRa,0.9%,FSCHeRa,FSCHeRa,0.9%,FSCHeRa,peekaboo,50,64MB,58.5422,54728.0,12056.0
FSCHeRa,0.9%,FSCHeRa,FSCHeRa,0.9%,FSCHeRa,peekaboo,50,64MB,56.9788,55092.0,11688.0
FSCHeRa,0.9%,FSCHeRa,FSCHeRa,0.9%,FSCHeRa,peekaboo,50,64MB,53.7658,54324.0,12456.0
FSCHeRa,0.9%,FSCHeRa,FSCHeRa,0.9%,FSCHeRa,peekaboo,50,64MB,54.8508,55864.0,10912.0
FSCHeRa,0.9%,FSCHeRa,FSCHeRa,0.9%,FSCHeRa,peekaboo,50,64MB,58.2517,55100.0,11676.0
FSCHeRa,0.9%,FSCHeRa,FSCHeRa,0.9%,FSCHeRa,blest,50,64MB,105.277,40104.0,26724.0
FSCHeRa,0.9%,FSCHeRa,FSCHeRa,0.9%,FSCHeRa,blest,50,64MB,120.855,41276.0,25588.0
FSCHeRa,0.9%,FSCHeRa,FSCHeRa,0.9%,FSCHeRa,blest,50,64MB,116.039,39844.0,27016.0
FSCHeRa,0.9%,FSCHeRa,FSCHeRa,0.9%,FSCHeRa,blest,50,64MB,119.761,40904.0,25964.0
FSCHeRa,0.9%,FSCHeRa,FSCHeRa,0.9%,FSCHeRa,blest,50,64MB,118.753,40804.0,26048.0
FSCHeRa,0.9%,FSCHeRa,FSCHeRa,0.9%,FSCHeRa,blest,50,64MB,118.649,41420.0,25420.0
FSCHeRa,0.9%,FSCHeRa,FSCHeRa,0.9%,FSCHeRa,blest,50,64MB,122.754,40636.0,26208.0
FSCHeRa,0.9%,FSCHeRa,FSCHeRa,0.9%,FSCHeRa,blest,50,64MB,129.219,41080.0,25780.0
FSCHeRa,0.9%,FSCHeRa,FSCHeRa,0.9%,FSCHeRa,blest,50,64MB,122.979,42204.0,24636.0
FSCHeRa,0.9%,FSCHeRa,FSCHeRa,0.9%,FSCHeRa,blest,50,64MB,119.028,41040.0,25816.0
FSCHeRa,0.9%,FSCHeRa,FSCHeRa,0.9%,FSCHeRa,blest,50,64MB,119.249,41160.0,25680.0
FSCHeRa,0.9%,FSCHeRa,FSCHeRa,0.9%,FSCHeRa,blest,50,64MB,121.486,41092.0,25748.0
FSCHeRa,0.9%,FSCHeRa,FSCHeRa,0.9%,FSCHeRa,blest,50,64MB,120.380,41084.0,25760.0
FSCHeRa,0.9%,FSCHeRa,FSCHeRa,0.9%,FSCHeRa,blest,50,64MB,119.596,41240.0,25600.0
FSCHeRa,0.9%,FSCHeRa,FSCHeRa,0.9%,FSCHeRa,blest,50,64MB,109.674,42356.0,24480.0
FSCHeRa,0.9%,FSCHeRa,FSCHeRa,0.9%,FSCHeRa,blest,50,64MB,119.984,39664.0,27212.0
FSCHeRa,0.9%,FSCHeRa,FSCHeRa,0.9%,FSCHeRa,blest,50,64MB,124.159,42668.0,24176.0
FSCHeRa,0.9%,FSCHeRa,FSCHeRa,0.9%,FSCHeRa,blest,50,64MB,113.478,38956.0,27880.0
FSCHeRa,0.9%,FSCHeRa,FSCHeRa,0.9%,FSCHeRa,blest,50,64MB,116.527,40736.0,26112.0
FSCHeRa,0.9%,FSCHeRa,FSCHeRa,0.9%,FSCHeRa,blest,50,64MB,120.678,40800.0,26040.0
FSCHeRa,0.9%,FSCHeRa,FSCHeRa,0.9%,FSCHeRa,blest,50,64MB,114.248,39968.0,26868.0
FSCHeRa,0.9%,FSCHeRa,FSCHeRa,0.9%,FSCHeRa,blest,50,64MB,114.362,40652.0,26184.0
FSCHeRa,0.9%,FSCHeRa,FSCHeRa,0.9%,FSCHeRa,blest,50,64MB,107.871,35872.0,30964.0
FSCHeRa,0.9%,FSCHeRa,FSCHeRa,0.9%,FSCHeRa,blest,50,64MB,113.628,40884.0,25952.0
FSCHeRa,0.9%,FSCHeRa,FSCHeRa,0.9%,FSCHeRa,blest,50,64MB,109.514,43156.0,23680.0
FSCHeRa,0.9%,FSCHeRa,FSCHeRa,0.9%,FSCHeRa,blest,50,64MB,122.141,39204.0,27636.0
FSCHeRa,0.9%,FSCHeRa,FSCHeRa,0.9%,FSCHeRa,blest,50,64MB,116.344,40944.0,25896.0
FSCHeRa,0.9%,FSCHeRa,FSCHeRa,0.9%,FSCHeRa,blest,50,64MB,126.797,40820.0,26024.0
FSCHeRa,0.9%,FSCHeRa,FSCHeRa,0.9%,FSCHeRa,blest,50,64MB,126.563,41640.0,25204.0
FSCHeRa,0.9%,FSCHeRa,FSCHeRa,0.9%,FSCHeRa,blest,50,64MB,120.347,38440.0,28416.0
FSCHeRa,0.9%,FSCHeRa,FSCHeRa,0.9%,FSCHeRa,blest,50,64MB,108.907,38888.0,27964.0
FSCHeRa,0.9%,FSCHeRa,FSCHeRa,0.9%,FSCHeRa,blest,50,64MB,111.993,40104.0,26732.0
FSCHeRa,0.9%,FSCHeRa,FSCHeRa,0.9%,FSCHeRa,blest,50,64MB,123.405,40448.0,26412.0
FSCHeRa,0.9%,FSCHeRa,FSCHeRa,0.9%,FSCHeRa,blest,50,64MB,101.334,36024.0,30808.0
FSCHeRa,0.9%,FSCHeRa,FSCHeRa,0.9%,FSCHeRa,blest,50,64MB,103.696,39400.0,27432.0
FSCHeRa,0.9%,FSCHeRa,FSCHeRa,0.9%,FSCHeRa,blest,50,64MB,116.551,41060.0,25780.0
FSCHeRa,0.9%,FSCHeRa,FSCHeRa,0.9%,FSCHeRa,blest,50,64MB,123.433,40288.0,26568.0
FSCHeRa,0.9%,FSCHeRa,FSCHeRa,0.9%,FSCHeRa,blest,50,64MB,115.038,42600.0,24260.0
FSCHeRa,0.9%,FSCHeRa,FSCHeRa,0.9%,FSCHeRa,blest,50,64MB,126.436,38964.0,27876.0
FSCHeRa,0.9%,FSCHeRa,FSCHeRa,0.9%,FSCHeRa,blest,50,64MB,112.613,41024.0,25832.0
FSCHeRa,0.9%,FSCHeRa,FSCHeRa,0.9%,FSCHeRa,blest,50,64MB,124.832,41020.0,25828.0
FSCHeRa,0.9%,FSCHeRa,FSCHeRa,0.9%,FSCHeRa,blest,50,64MB,118.682,40084.0,26756.0
FSCHeRa,0.9%,FSCHeRa,FSCHeRa,0.9%,FSCHeRa,blest,50,64MB,115.357,40968.0,25892.0
FSCHeRa,0.9%,FSCHeRa,FSCHeRa,0.9%,FSCHeRa,blest,50,64MB,111.421,37880.0,28968.0
FSCHeRa,0.9%,FSCHeRa,FSCHeRa,0.9%,FSCHeRa,blest,50,64MB,121.351,38516.0,28324.0
FSCHeRa,0.9%,FSCHeRa,FSCHeRa,0.9%,FSCHeRa,blest,50,64MB,116.158,41972.0,24880.0
FSCHeRa,0.9%,FSCHeRa,FSCHeRa,0.9%,FSCHeRa,blest,50,64MB,124.405,41028.0,25816.0
FSCHeRa,0.9%,FSCHeRa,FSCHeRa,0.9%,FSCHeRa,blest,50,64MB,120.033,39904.0,26936.0
FSCHeRa,0.9%,FSCHeRa,FSCHeRa,0.9%,FSCHeRa,blest,50,64MB,122.637,40972.0,25892.0
FSCHeRa,0.9%,FSCHeRa,FSCHeRa,0.9%,FSCHeRa,blest,50,64MB,128.809,41128.0,25728.0
